DATAFLOW,LAST UPDATE,freq,unit,sex,age,isced11,geo,TIME_PERIOD,OBS_VALUE,OBS_FLAG,CONF_STATUS
ESTAT:TEPSR_WC170(1.0),12/12/24 23:00:00,Annual,Percentage,Total,From 15 to 74 years,All ISCED 2011 levels,Austria,2005,5.6,b,
ESTAT:TEPSR_WC170(1.0),12/12/24 23:00:00,Annual,Percentage,Total,From 15 to 74 years,All ISCED 2011 levels,Austria,2006,5.3,b,
ESTAT:TEPSR_WC170(1.0),12/12/24 23:00:00,Annual,Percentage,Total,From 15 to 74 years,All ISCED 2011 levels,Austria,2007,4.9,b,
ESTAT:TEPSR_WC170(1.0),12/12/24 23:00:00,Annual,Percentage,Total,From 15 to 74 years,All ISCED 2011 levels,Austria,2008,4.1,,
ESTAT:TEPSR_WC170(1.0),12/12/24 23:00:00,Annual,Percentage,Total,From 15 to 74 years,All ISCED 2011 levels,Austria,2009,5.3,,
ESTAT:TEPSR_WC170(1.0),12/12/24 23:00:00,Annual,Percentage,Total,From 15 to 74 years,All ISCED 2011 levels,Austria,2010,4.8,,
ESTAT:TEPSR_WC170(1.0),12/12/24 23:00:00,Annual,Percentage,Total,From 15 to 74 years,All ISCED 2011 levels,Austria,2011,4.6,,
ESTAT:TEPSR_WC170(1.0),12/12/24 23:00:00,Annual,Percentage,Total,From 15 to 74 years,All ISCED 2011 levels,Austria,2012,4.9,,
ESTAT:TEPSR_WC170(1.0),12/12/24 23:00:00,Annual,Percentage,Total,From 15 to 74 years,All ISCED 2011 levels,Austria,2013,5.4,,
ESTAT:TEPSR_WC170(1.0),12/12/24 23:00:00,Annual,Percentage,Total,From 15 to 74 years,All ISCED 2011 levels,Austria,2014,5.6,b,
ESTAT:TEPSR_WC170(1.0),12/12/24 23:00:00,Annual,Percentage,Total,From 15 to 74 years,All ISCED 2011 levels,Austria,2015,5.7,,
ESTAT:TEPSR_WC170(1.0),12/12/24 23:00:00,Annual,Percentage,Total,From 15 to 74 years,All ISCED 2011 levels,Austria,2016,6.0,,
ESTAT:TEPSR_WC170(1.0),12/12/24 23:00:00,Annual,Percentage,Total,From 15 to 74 years,All ISCED 2011 levels,Austria,2017,5.5,,
ESTAT:TEPSR_WC170(1.0),12/12/24 23:00:00,Annual,Percentage,Total,From 15 to 74 years,All ISCED 2011 levels,Austria,2018,4.9,,
ESTAT:TEPSR_WC170(1.0),12/12/24 23:00:00,Annual,Percentage,Total,From 15 to 74 years,All ISCED 2011 levels,Austria,2019,4.5,,
ESTAT:TEPSR_WC170(1.0),12/12/24 23:00:00,Annual,Percentage,Total,From 15 to 74 years,All ISCED 2011 levels,Austria,2020,5.4,,
ESTAT:TEPSR_WC170(1.0),12/12/24 23:00:00,Annual,Percentage,Total,From 15 to 74 years,All ISCED 2011 levels,Austria,2021,6.2,b,
ESTAT:TEPSR_WC170(1.0),12/12/24 23:00:00,Annual,Percentage,Total,From 15 to 74 years,All ISCED 2011 levels,Austria,2022,4.8,,
ESTAT:TEPSR_WC170(1.0),12/12/24 23:00:00,Annual,Percentage,Total,From 15 to 74 years,All ISCED 2011 levels,Austria,2023,5.1,,
ESTAT:TEPSR_WC170(1.0),12/12/24 23:00:00,Annual,Percentage,Total,From 15 to 74 years,All ISCED 2011 levels,Belgium,2005,8.5,b,
ESTAT:TEPSR_WC170(1.0),12/12/24 23:00:00,Annual,Percentage,Total,From 15 to 74 years,All ISCED 2011 levels,Belgium,2006,8.3,,
ESTAT:TEPSR_WC170(1.0),12/12/24 23:00:00,Annual,Percentage,Total,From 15 to 74 years,All ISCED 2011 levels,Belgium,2007,7.5,,
ESTAT:TEPSR_WC170(1.0),12/12/24 23:00:00,Annual,Percentage,Total,From 15 to 74 years,All ISCED 2011 levels,Belgium,2008,7.0,b,
ESTAT:TEPSR_WC170(1.0),12/12/24 23:00:00,Annual,Percentage,Total,From 15 to 74 years,All ISCED 2011 levels,Belgium,2009,7.9,,
ESTAT:TEPSR_WC170(1.0),12/12/24 23:00:00,Annual,Percentage,Total,From 15 to 74 years,All ISCED 2011 levels,Belgium,2010,8.3,,
ESTAT:TEPSR_WC170(1.0),12/12/24 23:00:00,Annual,Percentage,Total,From 15 to 74 years,All ISCED 2011 levels,Belgium,2011,7.2,b,
ESTAT:TEPSR_WC170(1.0),12/12/24 23:00:00,Annual,Percentage,Total,From 15 to 74 years,All ISCED 2011 levels,Belgium,2012,7.6,,
ESTAT:TEPSR_WC170(1.0),12/12/24 23:00:00,Annual,Percentage,Total,From 15 to 74 years,All ISCED 2011 levels,Belgium,2013,8.4,,
ESTAT:TEPSR_WC170(1.0),12/12/24 23:00:00,Annual,Percentage,Total,From 15 to 74 years,All ISCED 2011 levels,Belgium,2014,8.5,b,
ESTAT:TEPSR_WC170(1.0),12/12/24 23:00:00,Annual,Percentage,Total,From 15 to 74 years,All ISCED 2011 levels,Belgium,2015,8.5,,
ESTAT:TEPSR_WC170(1.0),12/12/24 23:00:00,Annual,Percentage,Total,From 15 to 74 years,All ISCED 2011 levels,Belgium,2016,7.8,,
ESTAT:TEPSR_WC170(1.0),12/12/24 23:00:00,Annual,Percentage,Total,From 15 to 74 years,All ISCED 2011 levels,Belgium,2017,7.1,b,
ESTAT:TEPSR_WC170(1.0),12/12/24 23:00:00,Annual,Percentage,Total,From 15 to 74 years,All ISCED 2011 levels,Belgium,2018,6.0,,
ESTAT:TEPSR_WC170(1.0),12/12/24 23:00:00,Annual,Percentage,Total,From 15 to 74 years,All ISCED 2011 levels,Belgium,2019,5.4,,
ESTAT:TEPSR_WC170(1.0),12/12/24 23:00:00,Annual,Percentage,Total,From 15 to 74 years,All ISCED 2011 levels,Belgium,2020,5.6,,
ESTAT:TEPSR_WC170(1.0),12/12/24 23:00:00,Annual,Percentage,Total,From 15 to 74 years,All ISCED 2011 levels,Belgium,2021,6.3,b,
ESTAT:TEPSR_WC170(1.0),12/12/24 23:00:00,Annual,Percentage,Total,From 15 to 74 years,All ISCED 2011 levels,Belgium,2022,5.6,,
ESTAT:TEPSR_WC170(1.0),12/12/24 23:00:00,Annual,Percentage,Total,From 15 to 74 years,All ISCED 2011 levels,Belgium,2023,5.5,,
ESTAT:TEPSR_WC170(1.0),12/12/24 23:00:00,Annual,Percentage,Total,From 15 to 74 years,All ISCED 2011 levels,Bulgaria,2005,10.1,b,
ESTAT:TEPSR_WC170(1.0),12/12/24 23:00:00,Annual,Percentage,Total,From 15 to 74 years,All ISCED 2011 levels,Bulgaria,2006,9.0,b,
ESTAT:TEPSR_WC170(1.0),12/12/24 23:00:00,Annual,Percentage,Total,From 15 to 74 years,All ISCED 2011 levels,Bulgaria,2007,6.9,,
ESTAT:TEPSR_WC170(1.0),12/12/24 23:00:00,Annual,Percentage,Total,From 15 to 74 years,All ISCED 2011 levels,Bulgaria,2008,5.6,b,
ESTAT:TEPSR_WC170(1.0),12/12/24 23:00:00,Annual,Percentage,Total,From 15 to 74 years,All ISCED 2011 levels,Bulgaria,2009,6.8,,
ESTAT:TEPSR_WC170(1.0),12/12/24 23:00:00,Annual,Percentage,Total,From 15 to 74 years,All ISCED 2011 levels,Bulgaria,2010,10.3,b,
ESTAT:TEPSR_WC170(1.0),12/12/24 23:00:00,Annual,Percentage,Total,From 15 to 74 years,All ISCED 2011 levels,Bulgaria,2011,11.3,b,
ESTAT:TEPSR_WC170(1.0),12/12/24 23:00:00,Annual,Percentage,Total,From 15 to 74 years,All ISCED 2011 levels,Bulgaria,2012,12.3,,
ESTAT:TEPSR_WC170(1.0),12/12/24 23:00:00,Annual,Percentage,Total,From 15 to 74 years,All ISCED 2011 levels,Bulgaria,2013,13.0,,
ESTAT:TEPSR_WC170(1.0),12/12/24 23:00:00,Annual,Percentage,Total,From 15 to 74 years,All ISCED 2011 levels,Bulgaria,2014,11.4,b,
ESTAT:TEPSR_WC170(1.0),12/12/24 23:00:00,Annual,Percentage,Total,From 15 to 74 years,All ISCED 2011 levels,Bulgaria,2015,9.2,,
ESTAT:TEPSR_WC170(1.0),12/12/24 23:00:00,Annual,Percentage,Total,From 15 to 74 years,All ISCED 2011 levels,Bulgaria,2016,7.6,,
ESTAT:TEPSR_WC170(1.0),12/12/24 23:00:00,Annual,Percentage,Total,From 15 to 74 years,All ISCED 2011 levels,Bulgaria,2017,6.2,,
ESTAT:TEPSR_WC170(1.0),12/12/24 23:00:00,Annual,Percentage,Total,From 15 to 74 years,All ISCED 2011 levels,Bulgaria,2018,5.2,,
ESTAT:TEPSR_WC170(1.0),12/12/24 23:00:00,Annual,Percentage,Total,From 15 to 74 years,All ISCED 2011 levels,Bulgaria,2019,4.2,b,
ESTAT:TEPSR_WC170(1.0),12/12/24 23:00:00,Annual,Percentage,Total,From 15 to 74 years,All ISCED 2011 levels,Bulgaria,2020,5.0,,
ESTAT:TEPSR_WC170(1.0),12/12/24 23:00:00,Annual,Percentage,Total,From 15 to 74 years,All ISCED 2011 levels,Bulgaria,2021,5.2,b,
ESTAT:TEPSR_WC170(1.0),12/12/24 23:00:00,Annual,Percentage,Total,From 15 to 74 years,All ISCED 2011 levels,Bulgaria,2022,4.2,,
ESTAT:TEPSR_WC170(1.0),12/12/24 23:00:00,Annual,Percentage,Total,From 15 to 74 years,All ISCED 2011 levels,Bulgaria,2023,4.3,,
ESTAT:TEPSR_WC170(1.0),12/12/24 23:00:00,Annual,Percentage,Total,From 15 to 74 years,All ISCED 2011 levels,Cyprus,2005,5.3,b,
ESTAT:TEPSR_WC170(1.0),12/12/24 23:00:00,Annual,Percentage,Total,From 15 to 74 years,All ISCED 2011 levels,Cyprus,2006,4.6,,
ESTAT:TEPSR_WC170(1.0),12/12/24 23:00:00,Annual,Percentage,Total,From 15 to 74 years,All ISCED 2011 levels,Cyprus,2007,3.9,,
ESTAT:TEPSR_WC170(1.0),12/12/24 23:00:00,Annual,Percentage,Total,From 15 to 74 years,All ISCED 2011 levels,Cyprus,2008,3.7,,
ESTAT:TEPSR_WC170(1.0),12/12/24 23:00:00,Annual,Percentage,Total,From 15 to 74 years,All ISCED 2011 levels,Cyprus,2009,5.4,b,
ESTAT:TEPSR_WC170(1.0),12/12/24 23:00:00,Annual,Percentage,Total,From 15 to 74 years,All ISCED 2011 levels,Cyprus,2010,6.3,,
ESTAT:TEPSR_WC170(1.0),12/12/24 23:00:00,Annual,Percentage,Total,From 15 to 74 years,All ISCED 2011 levels,Cyprus,2011,7.9,,
ESTAT:TEPSR_WC170(1.0),12/12/24 23:00:00,Annual,Percentage,Total,From 15 to 74 years,All ISCED 2011 levels,Cyprus,2012,11.9,,
ESTAT:TEPSR_WC170(1.0),12/12/24 23:00:00,Annual,Percentage,Total,From 15 to 74 years,All ISCED 2011 levels,Cyprus,2013,15.9,,
ESTAT:TEPSR_WC170(1.0),12/12/24 23:00:00,Annual,Percentage,Total,From 15 to 74 years,All ISCED 2011 levels,Cyprus,2014,16.1,b,
ESTAT:TEPSR_WC170(1.0),12/12/24 23:00:00,Annual,Percentage,Total,From 15 to 74 years,All ISCED 2011 levels,Cyprus,2015,15.0,,
ESTAT:TEPSR_WC170(1.0),12/12/24 23:00:00,Annual,Percentage,Total,From 15 to 74 years,All ISCED 2011 levels,Cyprus,2016,13.0,,
ESTAT:TEPSR_WC170(1.0),12/12/24 23:00:00,Annual,Percentage,Total,From 15 to 74 years,All ISCED 2011 levels,Cyprus,2017,11.1,,
ESTAT:TEPSR_WC170(1.0),12/12/24 23:00:00,Annual,Percentage,Total,From 15 to 74 years,All ISCED 2011 levels,Cyprus,2018,8.4,,
ESTAT:TEPSR_WC170(1.0),12/12/24 23:00:00,Annual,Percentage,Total,From 15 to 74 years,All ISCED 2011 levels,Cyprus,2019,7.2,,
ESTAT:TEPSR_WC170(1.0),12/12/24 23:00:00,Annual,Percentage,Total,From 15 to 74 years,All ISCED 2011 levels,Cyprus,2020,7.6,,
ESTAT:TEPSR_WC170(1.0),12/12/24 23:00:00,Annual,Percentage,Total,From 15 to 74 years,All ISCED 2011 levels,Cyprus,2021,7.2,b,
ESTAT:TEPSR_WC170(1.0),12/12/24 23:00:00,Annual,Percentage,Total,From 15 to 74 years,All ISCED 2011 levels,Cyprus,2022,6.3,,
ESTAT:TEPSR_WC170(1.0),12/12/24 23:00:00,Annual,Percentage,Total,From 15 to 74 years,All ISCED 2011 levels,Cyprus,2023,5.8,,
ESTAT:TEPSR_WC170(1.0),12/12/24 23:00:00,Annual,Percentage,Total,From 15 to 74 years,All ISCED 2011 levels,Czechia,2005,7.9,b,
ESTAT:TEPSR_WC170(1.0),12/12/24 23:00:00,Annual,Percentage,Total,From 15 to 74 years,All ISCED 2011 levels,Czechia,2006,7.2,,
ESTAT:TEPSR_WC170(1.0),12/12/24 23:00:00,Annual,Percentage,Total,From 15 to 74 years,All ISCED 2011 levels,Czechia,2007,5.3,,
ESTAT:TEPSR_WC170(1.0),12/12/24 23:00:00,Annual,Percentage,Total,From 15 to 74 years,All ISCED 2011 levels,Czechia,2008,4.4,,
ESTAT:TEPSR_WC170(1.0),12/12/24 23:00:00,Annual,Percentage,Total,From 15 to 74 years,All ISCED 2011 levels,Czechia,2009,6.7,,
ESTAT:TEPSR_WC170(1.0),12/12/24 23:00:00,Annual,Percentage,Total,From 15 to 74 years,All ISCED 2011 levels,Czechia,2010,7.3,,
ESTAT:TEPSR_WC170(1.0),12/12/24 23:00:00,Annual,Percentage,Total,From 15 to 74 years,All ISCED 2011 levels,Czechia,2011,6.7,b,
ESTAT:TEPSR_WC170(1.0),12/12/24 23:00:00,Annual,Percentage,Total,From 15 to 74 years,All ISCED 2011 levels,Czechia,2012,7.0,,
ESTAT:TEPSR_WC170(1.0),12/12/24 23:00:00,Annual,Percentage,Total,From 15 to 74 years,All ISCED 2011 levels,Czechia,2013,7.0,,
ESTAT:TEPSR_WC170(1.0),12/12/24 23:00:00,Annual,Percentage,Total,From 15 to 74 years,All ISCED 2011 levels,Czechia,2014,6.1,b,
ESTAT:TEPSR_WC170(1.0),12/12/24 23:00:00,Annual,Percentage,Total,From 15 to 74 years,All ISCED 2011 levels,Czechia,2015,5.1,,
ESTAT:TEPSR_WC170(1.0),12/12/24 23:00:00,Annual,Percentage,Total,From 15 to 74 years,All ISCED 2011 levels,Czechia,2016,4.0,,
ESTAT:TEPSR_WC170(1.0),12/12/24 23:00:00,Annual,Percentage,Total,From 15 to 74 years,All ISCED 2011 levels,Czechia,2017,2.9,,
ESTAT:TEPSR_WC170(1.0),12/12/24 23:00:00,Annual,Percentage,Total,From 15 to 74 years,All ISCED 2011 levels,Czechia,2018,2.2,,
ESTAT:TEPSR_WC170(1.0),12/12/24 23:00:00,Annual,Percentage,Total,From 15 to 74 years,All ISCED 2011 levels,Czechia,2019,2.0,,
ESTAT:TEPSR_WC170(1.0),12/12/24 23:00:00,Annual,Percentage,Total,From 15 to 74 years,All ISCED 2011 levels,Czechia,2020,2.6,,
ESTAT:TEPSR_WC170(1.0),12/12/24 23:00:00,Annual,Percentage,Total,From 15 to 74 years,All ISCED 2011 levels,Czechia,2021,2.8,b,
ESTAT:TEPSR_WC170(1.0),12/12/24 23:00:00,Annual,Percentage,Total,From 15 to 74 years,All ISCED 2011 levels,Czechia,2022,2.2,,
ESTAT:TEPSR_WC170(1.0),12/12/24 23:00:00,Annual,Percentage,Total,From 15 to 74 years,All ISCED 2011 levels,Czechia,2023,2.6,,
ESTAT:TEPSR_WC170(1.0),12/12/24 23:00:00,Annual,Percentage,Total,From 15 to 74 years,All ISCED 2011 levels,Germany,2005,11.2,b,
ESTAT:TEPSR_WC170(1.0),12/12/24 23:00:00,Annual,Percentage,Total,From 15 to 74 years,All ISCED 2011 levels,Germany,2006,10.3,b,
ESTAT:TEPSR_WC170(1.0),12/12/24 23:00:00,Annual,Percentage,Total,From 15 to 74 years,All ISCED 2011 levels,Germany,2007,8.7,,
ESTAT:TEPSR_WC170(1.0),12/12/24 23:00:00,Annual,Percentage,Total,From 15 to 74 years,All ISCED 2011 levels,Germany,2008,7.5,,
ESTAT:TEPSR_WC170(1.0),12/12/24 23:00:00,Annual,Percentage,Total,From 15 to 74 years,All ISCED 2011 levels,Germany,2009,7.8,,
ESTAT:TEPSR_WC170(1.0),12/12/24 23:00:00,Annual,Percentage,Total,From 15 to 74 years,All ISCED 2011 levels,Germany,2010,7.0,b,
ESTAT:TEPSR_WC170(1.0),12/12/24 23:00:00,Annual,Percentage,Total,From 15 to 74 years,All ISCED 2011 levels,Germany,2011,5.8,b,
ESTAT:TEPSR_WC170(1.0),12/12/24 23:00:00,Annual,Percentage,Total,From 15 to 74 years,All ISCED 2011 levels,Germany,2012,5.4,b,
ESTAT:TEPSR_WC170(1.0),12/12/24 23:00:00,Annual,Percentage,Total,From 15 to 74 years,All ISCED 2011 levels,Germany,2013,5.2,,
ESTAT:TEPSR_WC170(1.0),12/12/24 23:00:00,Annual,Percentage,Total,From 15 to 74 years,All ISCED 2011 levels,Germany,2014,5.0,b,
ESTAT:TEPSR_WC170(1.0),12/12/24 23:00:00,Annual,Percentage,Total,From 15 to 74 years,All ISCED 2011 levels,Germany,2015,4.6,,
ESTAT:TEPSR_WC170(1.0),12/12/24 23:00:00,Annual,Percentage,Total,From 15 to 74 years,All ISCED 2011 levels,Germany,2016,4.1,,
ESTAT:TEPSR_WC170(1.0),12/12/24 23:00:00,Annual,Percentage,Total,From 15 to 74 years,All ISCED 2011 levels,Germany,2017,3.8,,
ESTAT:TEPSR_WC170(1.0),12/12/24 23:00:00,Annual,Percentage,Total,From 15 to 74 years,All ISCED 2011 levels,Germany,2018,3.4,,
ESTAT:TEPSR_WC170(1.0),12/12/24 23:00:00,Annual,Percentage,Total,From 15 to 74 years,All ISCED 2011 levels,Germany,2019,3.1,,
ESTAT:TEPSR_WC170(1.0),12/12/24 23:00:00,Annual,Percentage,Total,From 15 to 74 years,All ISCED 2011 levels,Germany,2020,3.9,b,
ESTAT:TEPSR_WC170(1.0),12/12/24 23:00:00,Annual,Percentage,Total,From 15 to 74 years,All ISCED 2011 levels,Germany,2021,3.7,b,
ESTAT:TEPSR_WC170(1.0),12/12/24 23:00:00,Annual,Percentage,Total,From 15 to 74 years,All ISCED 2011 levels,Germany,2022,3.2,,
ESTAT:TEPSR_WC170(1.0),12/12/24 23:00:00,Annual,Percentage,Total,From 15 to 74 years,All ISCED 2011 levels,Germany,2023,3.1,,
ESTAT:TEPSR_WC170(1.0),12/12/24 23:00:00,Annual,Percentage,Total,From 15 to 74 years,All ISCED 2011 levels,Denmark,2005,4.8,b,
ESTAT:TEPSR_WC170(1.0),12/12/24 23:00:00,Annual,Percentage,Total,From 15 to 74 years,All ISCED 2011 levels,Denmark,2006,3.9,,
ESTAT:TEPSR_WC170(1.0),12/12/24 23:00:00,Annual,Percentage,Total,From 15 to 74 years,All ISCED 2011 levels,Denmark,2007,3.8,b,
ESTAT:TEPSR_WC170(1.0),12/12/24 23:00:00,Annual,Percentage,Total,From 15 to 74 years,All ISCED 2011 levels,Denmark,2008,3.7,b,
ESTAT:TEPSR_WC170(1.0),12/12/24 23:00:00,Annual,Percentage,Total,From 15 to 74 years,All ISCED 2011 levels,Denmark,2009,6.4,,
ESTAT:TEPSR_WC170(1.0),12/12/24 23:00:00,Annual,Percentage,Total,From 15 to 74 years,All ISCED 2011 levels,Denmark,2010,7.7,,
ESTAT:TEPSR_WC170(1.0),12/12/24 23:00:00,Annual,Percentage,Total,From 15 to 74 years,All ISCED 2011 levels,Denmark,2011,7.8,,
ESTAT:TEPSR_WC170(1.0),12/12/24 23:00:00,Annual,Percentage,Total,From 15 to 74 years,All ISCED 2011 levels,Denmark,2012,7.8,,
ESTAT:TEPSR_WC170(1.0),12/12/24 23:00:00,Annual,Percentage,Total,From 15 to 74 years,All ISCED 2011 levels,Denmark,2013,7.4,,
ESTAT:TEPSR_WC170(1.0),12/12/24 23:00:00,Annual,Percentage,Total,From 15 to 74 years,All ISCED 2011 levels,Denmark,2014,6.9,b,
ESTAT:TEPSR_WC170(1.0),12/12/24 23:00:00,Annual,Percentage,Total,From 15 to 74 years,All ISCED 2011 levels,Denmark,2015,6.3,,
ESTAT:TEPSR_WC170(1.0),12/12/24 23:00:00,Annual,Percentage,Total,From 15 to 74 years,All ISCED 2011 levels,Denmark,2016,6.0,b,
ESTAT:TEPSR_WC170(1.0),12/12/24 23:00:00,Annual,Percentage,Total,From 15 to 74 years,All ISCED 2011 levels,Denmark,2017,5.8,b,
ESTAT:TEPSR_WC170(1.0),12/12/24 23:00:00,Annual,Percentage,Total,From 15 to 74 years,All ISCED 2011 levels,Denmark,2018,5.1,,
ESTAT:TEPSR_WC170(1.0),12/12/24 23:00:00,Annual,Percentage,Total,From 15 to 74 years,All ISCED 2011 levels,Denmark,2019,5.0,,
ESTAT:TEPSR_WC170(1.0),12/12/24 23:00:00,Annual,Percentage,Total,From 15 to 74 years,All ISCED 2011 levels,Denmark,2020,5.6,,
ESTAT:TEPSR_WC170(1.0),12/12/24 23:00:00,Annual,Percentage,Total,From 15 to 74 years,All ISCED 2011 levels,Denmark,2021,5.1,b,
ESTAT:TEPSR_WC170(1.0),12/12/24 23:00:00,Annual,Percentage,Total,From 15 to 74 years,All ISCED 2011 levels,Denmark,2022,4.5,,
ESTAT:TEPSR_WC170(1.0),12/12/24 23:00:00,Annual,Percentage,Total,From 15 to 74 years,All ISCED 2011 levels,Denmark,2023,5.1,b,
ESTAT:TEPSR_WC170(1.0),12/12/24 23:00:00,Annual,Percentage,Total,From 15 to 74 years,All ISCED 2011 levels,Estonia,2005,8.0,b,
ESTAT:TEPSR_WC170(1.0),12/12/24 23:00:00,Annual,Percentage,Total,From 15 to 74 years,All ISCED 2011 levels,Estonia,2006,5.9,,
ESTAT:TEPSR_WC170(1.0),12/12/24 23:00:00,Annual,Percentage,Total,From 15 to 74 years,All ISCED 2011 levels,Estonia,2007,4.6,,
ESTAT:TEPSR_WC170(1.0),12/12/24 23:00:00,Annual,Percentage,Total,From 15 to 74 years,All ISCED 2011 levels,Estonia,2008,5.5,,
ESTAT:TEPSR_WC170(1.0),12/12/24 23:00:00,Annual,Percentage,Total,From 15 to 74 years,All ISCED 2011 levels,Estonia,2009,13.5,,
ESTAT:TEPSR_WC170(1.0),12/12/24 23:00:00,Annual,Percentage,Total,From 15 to 74 years,All ISCED 2011 levels,Estonia,2010,16.7,,
ESTAT:TEPSR_WC170(1.0),12/12/24 23:00:00,Annual,Percentage,Total,From 15 to 74 years,All ISCED 2011 levels,Estonia,2011,12.3,,
ESTAT:TEPSR_WC170(1.0),12/12/24 23:00:00,Annual,Percentage,Total,From 15 to 74 years,All ISCED 2011 levels,Estonia,2012,10.0,,
ESTAT:TEPSR_WC170(1.0),12/12/24 23:00:00,Annual,Percentage,Total,From 15 to 74 years,All ISCED 2011 levels,Estonia,2013,8.6,,
ESTAT:TEPSR_WC170(1.0),12/12/24 23:00:00,Annual,Percentage,Total,From 15 to 74 years,All ISCED 2011 levels,Estonia,2014,7.4,b,
ESTAT:TEPSR_WC170(1.0),12/12/24 23:00:00,Annual,Percentage,Total,From 15 to 74 years,All ISCED 2011 levels,Estonia,2015,6.4,,
ESTAT:TEPSR_WC170(1.0),12/12/24 23:00:00,Annual,Percentage,Total,From 15 to 74 years,All ISCED 2011 levels,Estonia,2016,6.9,,
ESTAT:TEPSR_WC170(1.0),12/12/24 23:00:00,Annual,Percentage,Total,From 15 to 74 years,All ISCED 2011 levels,Estonia,2017,5.8,,
ESTAT:TEPSR_WC170(1.0),12/12/24 23:00:00,Annual,Percentage,Total,From 15 to 74 years,All ISCED 2011 levels,Estonia,2018,5.4,,
ESTAT:TEPSR_WC170(1.0),12/12/24 23:00:00,Annual,Percentage,Total,From 15 to 74 years,All ISCED 2011 levels,Estonia,2019,4.5,,
ESTAT:TEPSR_WC170(1.0),12/12/24 23:00:00,Annual,Percentage,Total,From 15 to 74 years,All ISCED 2011 levels,Estonia,2020,7.0,,
ESTAT:TEPSR_WC170(1.0),12/12/24 23:00:00,Annual,Percentage,Total,From 15 to 74 years,All ISCED 2011 levels,Estonia,2021,6.2,b,
ESTAT:TEPSR_WC170(1.0),12/12/24 23:00:00,Annual,Percentage,Total,From 15 to 74 years,All ISCED 2011 levels,Estonia,2022,5.6,,
ESTAT:TEPSR_WC170(1.0),12/12/24 23:00:00,Annual,Percentage,Total,From 15 to 74 years,All ISCED 2011 levels,Estonia,2023,6.4,,
ESTAT:TEPSR_WC170(1.0),12/12/24 23:00:00,Annual,Percentage,Total,From 15 to 74 years,All ISCED 2011 levels,Greece,2005,10.0,b,
ESTAT:TEPSR_WC170(1.0),12/12/24 23:00:00,Annual,Percentage,Total,From 15 to 74 years,All ISCED 2011 levels,Greece,2006,9.0,,
ESTAT:TEPSR_WC170(1.0),12/12/24 23:00:00,Annual,Percentage,Total,From 15 to 74 years,All ISCED 2011 levels,Greece,2007,8.4,,
ESTAT:TEPSR_WC170(1.0),12/12/24 23:00:00,Annual,Percentage,Total,From 15 to 74 years,All ISCED 2011 levels,Greece,2008,7.8,,
ESTAT:TEPSR_WC170(1.0),12/12/24 23:00:00,Annual,Percentage,Total,From 15 to 74 years,All ISCED 2011 levels,Greece,2009,9.6,b,
ESTAT:TEPSR_WC170(1.0),12/12/24 23:00:00,Annual,Percentage,Total,From 15 to 74 years,All ISCED 2011 levels,Greece,2010,12.7,,
ESTAT:TEPSR_WC170(1.0),12/12/24 23:00:00,Annual,Percentage,Total,From 15 to 74 years,All ISCED 2011 levels,Greece,2011,17.9,,
ESTAT:TEPSR_WC170(1.0),12/12/24 23:00:00,Annual,Percentage,Total,From 15 to 74 years,All ISCED 2011 levels,Greece,2012,24.5,,
ESTAT:TEPSR_WC170(1.0),12/12/24 23:00:00,Annual,Percentage,Total,From 15 to 74 years,All ISCED 2011 levels,Greece,2013,27.5,,
ESTAT:TEPSR_WC170(1.0),12/12/24 23:00:00,Annual,Percentage,Total,From 15 to 74 years,All ISCED 2011 levels,Greece,2014,26.5,b,
ESTAT:TEPSR_WC170(1.0),12/12/24 23:00:00,Annual,Percentage,Total,From 15 to 74 years,All ISCED 2011 levels,Greece,2015,24.9,,
ESTAT:TEPSR_WC170(1.0),12/12/24 23:00:00,Annual,Percentage,Total,From 15 to 74 years,All ISCED 2011 levels,Greece,2016,23.6,,
ESTAT:TEPSR_WC170(1.0),12/12/24 23:00:00,Annual,Percentage,Total,From 15 to 74 years,All ISCED 2011 levels,Greece,2017,21.5,,
ESTAT:TEPSR_WC170(1.0),12/12/24 23:00:00,Annual,Percentage,Total,From 15 to 74 years,All ISCED 2011 levels,Greece,2018,19.3,,
ESTAT:TEPSR_WC170(1.0),12/12/24 23:00:00,Annual,Percentage,Total,From 15 to 74 years,All ISCED 2011 levels,Greece,2019,17.3,,
ESTAT:TEPSR_WC170(1.0),12/12/24 23:00:00,Annual,Percentage,Total,From 15 to 74 years,All ISCED 2011 levels,Greece,2020,16.3,,
ESTAT:TEPSR_WC170(1.0),12/12/24 23:00:00,Annual,Percentage,Total,From 15 to 74 years,All ISCED 2011 levels,Greece,2021,14.7,b,
ESTAT:TEPSR_WC170(1.0),12/12/24 23:00:00,Annual,Percentage,Total,From 15 to 74 years,All ISCED 2011 levels,Greece,2022,12.5,,
ESTAT:TEPSR_WC170(1.0),12/12/24 23:00:00,Annual,Percentage,Total,From 15 to 74 years,All ISCED 2011 levels,Greece,2023,11.1,,
ESTAT:TEPSR_WC170(1.0),12/12/24 23:00:00,Annual,Percentage,Total,From 15 to 74 years,All ISCED 2011 levels,Spain,2005,9.2,b,
ESTAT:TEPSR_WC170(1.0),12/12/24 23:00:00,Annual,Percentage,Total,From 15 to 74 years,All ISCED 2011 levels,Spain,2006,8.5,b,
ESTAT:TEPSR_WC170(1.0),12/12/24 23:00:00,Annual,Percentage,Total,From 15 to 74 years,All ISCED 2011 levels,Spain,2007,8.2,,
ESTAT:TEPSR_WC170(1.0),12/12/24 23:00:00,Annual,Percentage,Total,From 15 to 74 years,All ISCED 2011 levels,Spain,2008,11.3,,
ESTAT:TEPSR_WC170(1.0),12/12/24 23:00:00,Annual,Percentage,Total,From 15 to 74 years,All ISCED 2011 levels,Spain,2009,17.9,,
ESTAT:TEPSR_WC170(1.0),12/12/24 23:00:00,Annual,Percentage,Total,From 15 to 74 years,All ISCED 2011 levels,Spain,2010,19.9,,
ESTAT:TEPSR_WC170(1.0),12/12/24 23:00:00,Annual,Percentage,Total,From 15 to 74 years,All ISCED 2011 levels,Spain,2011,21.4,,
ESTAT:TEPSR_WC170(1.0),12/12/24 23:00:00,Annual,Percentage,Total,From 15 to 74 years,All ISCED 2011 levels,Spain,2012,24.8,,
ESTAT:TEPSR_WC170(1.0),12/12/24 23:00:00,Annual,Percentage,Total,From 15 to 74 years,All ISCED 2011 levels,Spain,2013,26.1,,
ESTAT:TEPSR_WC170(1.0),12/12/24 23:00:00,Annual,Percentage,Total,From 15 to 74 years,All ISCED 2011 levels,Spain,2014,24.5,b,
ESTAT:TEPSR_WC170(1.0),12/12/24 23:00:00,Annual,Percentage,Total,From 15 to 74 years,All ISCED 2011 levels,Spain,2015,22.1,,
ESTAT:TEPSR_WC170(1.0),12/12/24 23:00:00,Annual,Percentage,Total,From 15 to 74 years,All ISCED 2011 levels,Spain,2016,19.6,,
ESTAT:TEPSR_WC170(1.0),12/12/24 23:00:00,Annual,Percentage,Total,From 15 to 74 years,All ISCED 2011 levels,Spain,2017,17.2,,
ESTAT:TEPSR_WC170(1.0),12/12/24 23:00:00,Annual,Percentage,Total,From 15 to 74 years,All ISCED 2011 levels,Spain,2018,15.3,,
ESTAT:TEPSR_WC170(1.0),12/12/24 23:00:00,Annual,Percentage,Total,From 15 to 74 years,All ISCED 2011 levels,Spain,2019,14.1,,
ESTAT:TEPSR_WC170(1.0),12/12/24 23:00:00,Annual,Percentage,Total,From 15 to 74 years,All ISCED 2011 levels,Spain,2020,15.5,,
ESTAT:TEPSR_WC170(1.0),12/12/24 23:00:00,Annual,Percentage,Total,From 15 to 74 years,All ISCED 2011 levels,Spain,2021,14.9,bd,
ESTAT:TEPSR_WC170(1.0),12/12/24 23:00:00,Annual,Percentage,Total,From 15 to 74 years,All ISCED 2011 levels,Spain,2022,13.0,d,
ESTAT:TEPSR_WC170(1.0),12/12/24 23:00:00,Annual,Percentage,Total,From 15 to 74 years,All ISCED 2011 levels,Spain,2023,12.2,d,
ESTAT:TEPSR_WC170(1.0),12/12/24 23:00:00,Annual,Percentage,Total,From 15 to 74 years,All ISCED 2011 levels,Finland,2005,8.4,b,
ESTAT:TEPSR_WC170(1.0),12/12/24 23:00:00,Annual,Percentage,Total,From 15 to 74 years,All ISCED 2011 levels,Finland,2006,7.7,,
ESTAT:TEPSR_WC170(1.0),12/12/24 23:00:00,Annual,Percentage,Total,From 15 to 74 years,All ISCED 2011 levels,Finland,2007,6.9,b,
ESTAT:TEPSR_WC170(1.0),12/12/24 23:00:00,Annual,Percentage,Total,From 15 to 74 years,All ISCED 2011 levels,Finland,2008,6.4,b,
ESTAT:TEPSR_WC170(1.0),12/12/24 23:00:00,Annual,Percentage,Total,From 15 to 74 years,All ISCED 2011 levels,Finland,2009,8.2,,
ESTAT:TEPSR_WC170(1.0),12/12/24 23:00:00,Annual,Percentage,Total,From 15 to 74 years,All ISCED 2011 levels,Finland,2010,8.4,,
ESTAT:TEPSR_WC170(1.0),12/12/24 23:00:00,Annual,Percentage,Total,From 15 to 74 years,All ISCED 2011 levels,Finland,2011,7.8,,
ESTAT:TEPSR_WC170(1.0),12/12/24 23:00:00,Annual,Percentage,Total,From 15 to 74 years,All ISCED 2011 levels,Finland,2012,7.7,,
ESTAT:TEPSR_WC170(1.0),12/12/24 23:00:00,Annual,Percentage,Total,From 15 to 74 years,All ISCED 2011 levels,Finland,2013,8.2,,
ESTAT:TEPSR_WC170(1.0),12/12/24 23:00:00,Annual,Percentage,Total,From 15 to 74 years,All ISCED 2011 levels,Finland,2014,8.7,b,
ESTAT:TEPSR_WC170(1.0),12/12/24 23:00:00,Annual,Percentage,Total,From 15 to 74 years,All ISCED 2011 levels,Finland,2015,9.4,,
ESTAT:TEPSR_WC170(1.0),12/12/24 23:00:00,Annual,Percentage,Total,From 15 to 74 years,All ISCED 2011 levels,Finland,2016,8.8,,
ESTAT:TEPSR_WC170(1.0),12/12/24 23:00:00,Annual,Percentage,Total,From 15 to 74 years,All ISCED 2011 levels,Finland,2017,8.6,,
ESTAT:TEPSR_WC170(1.0),12/12/24 23:00:00,Annual,Percentage,Total,From 15 to 74 years,All ISCED 2011 levels,Finland,2018,7.4,,
ESTAT:TEPSR_WC170(1.0),12/12/24 23:00:00,Annual,Percentage,Total,From 15 to 74 years,All ISCED 2011 levels,Finland,2019,6.7,,
ESTAT:TEPSR_WC170(1.0),12/12/24 23:00:00,Annual,Percentage,Total,From 15 to 74 years,All ISCED 2011 levels,Finland,2020,7.8,,
ESTAT:TEPSR_WC170(1.0),12/12/24 23:00:00,Annual,Percentage,Total,From 15 to 74 years,All ISCED 2011 levels,Finland,2021,7.7,b,
ESTAT:TEPSR_WC170(1.0),12/12/24 23:00:00,Annual,Percentage,Total,From 15 to 74 years,All ISCED 2011 levels,Finland,2022,6.8,,
ESTAT:TEPSR_WC170(1.0),12/12/24 23:00:00,Annual,Percentage,Total,From 15 to 74 years,All ISCED 2011 levels,Finland,2023,7.2,,
ESTAT:TEPSR_WC170(1.0),12/12/24 23:00:00,Annual,Percentage,Total,From 15 to 74 years,All ISCED 2011 levels,France,2005,8.5,b,
ESTAT:TEPSR_WC170(1.0),12/12/24 23:00:00,Annual,Percentage,Total,From 15 to 74 years,All ISCED 2011 levels,France,2006,8.5,b,
ESTAT:TEPSR_WC170(1.0),12/12/24 23:00:00,Annual,Percentage,Total,From 15 to 74 years,All ISCED 2011 levels,France,2007,7.7,,
ESTAT:TEPSR_WC170(1.0),12/12/24 23:00:00,Annual,Percentage,Total,From 15 to 74 years,All ISCED 2011 levels,France,2008,7.1,,
ESTAT:TEPSR_WC170(1.0),12/12/24 23:00:00,Annual,Percentage,Total,From 15 to 74 years,All ISCED 2011 levels,France,2009,8.7,,
ESTAT:TEPSR_WC170(1.0),12/12/24 23:00:00,Annual,Percentage,Total,From 15 to 74 years,All ISCED 2011 levels,France,2010,8.9,,
ESTAT:TEPSR_WC170(1.0),12/12/24 23:00:00,Annual,Percentage,Total,From 15 to 74 years,All ISCED 2011 levels,France,2011,8.8,,
ESTAT:TEPSR_WC170(1.0),12/12/24 23:00:00,Annual,Percentage,Total,From 15 to 74 years,All ISCED 2011 levels,France,2012,9.4,,
ESTAT:TEPSR_WC170(1.0),12/12/24 23:00:00,Annual,Percentage,Total,From 15 to 74 years,All ISCED 2011 levels,France,2013,9.9,b,
ESTAT:TEPSR_WC170(1.0),12/12/24 23:00:00,Annual,Percentage,Total,From 15 to 74 years,All ISCED 2011 levels,France,2014,10.3,b,
ESTAT:TEPSR_WC170(1.0),12/12/24 23:00:00,Annual,Percentage,Total,From 15 to 74 years,All ISCED 2011 levels,France,2015,10.4,,
ESTAT:TEPSR_WC170(1.0),12/12/24 23:00:00,Annual,Percentage,Total,From 15 to 74 years,All ISCED 2011 levels,France,2016,10.1,,
ESTAT:TEPSR_WC170(1.0),12/12/24 23:00:00,Annual,Percentage,Total,From 15 to 74 years,All ISCED 2011 levels,France,2017,9.4,,
ESTAT:TEPSR_WC170(1.0),12/12/24 23:00:00,Annual,Percentage,Total,From 15 to 74 years,All ISCED 2011 levels,France,2018,9.0,,
ESTAT:TEPSR_WC170(1.0),12/12/24 23:00:00,Annual,Percentage,Total,From 15 to 74 years,All ISCED 2011 levels,France,2019,8.4,,
ESTAT:TEPSR_WC170(1.0),12/12/24 23:00:00,Annual,Percentage,Total,From 15 to 74 years,All ISCED 2011 levels,France,2020,8.0,,
ESTAT:TEPSR_WC170(1.0),12/12/24 23:00:00,Annual,Percentage,Total,From 15 to 74 years,All ISCED 2011 levels,France,2021,7.9,bd,
ESTAT:TEPSR_WC170(1.0),12/12/24 23:00:00,Annual,Percentage,Total,From 15 to 74 years,All ISCED 2011 levels,France,2022,7.3,d,
ESTAT:TEPSR_WC170(1.0),12/12/24 23:00:00,Annual,Percentage,Total,From 15 to 74 years,All ISCED 2011 levels,France,2023,7.3,d,
ESTAT:TEPSR_WC170(1.0),12/12/24 23:00:00,Annual,Percentage,Total,From 15 to 74 years,All ISCED 2011 levels,Croatia,2005,12.7,b,
ESTAT:TEPSR_WC170(1.0),12/12/24 23:00:00,Annual,Percentage,Total,From 15 to 74 years,All ISCED 2011 levels,Croatia,2006,11.2,b,
ESTAT:TEPSR_WC170(1.0),12/12/24 23:00:00,Annual,Percentage,Total,From 15 to 74 years,All ISCED 2011 levels,Croatia,2007,9.9,,
ESTAT:TEPSR_WC170(1.0),12/12/24 23:00:00,Annual,Percentage,Total,From 15 to 74 years,All ISCED 2011 levels,Croatia,2008,8.6,,
ESTAT:TEPSR_WC170(1.0),12/12/24 23:00:00,Annual,Percentage,Total,From 15 to 74 years,All ISCED 2011 levels,Croatia,2009,9.2,,
ESTAT:TEPSR_WC170(1.0),12/12/24 23:00:00,Annual,Percentage,Total,From 15 to 74 years,All ISCED 2011 levels,Croatia,2010,11.7,b,
ESTAT:TEPSR_WC170(1.0),12/12/24 23:00:00,Annual,Percentage,Total,From 15 to 74 years,All ISCED 2011 levels,Croatia,2011,13.7,,
ESTAT:TEPSR_WC170(1.0),12/12/24 23:00:00,Annual,Percentage,Total,From 15 to 74 years,All ISCED 2011 levels,Croatia,2012,16.1,b,
ESTAT:TEPSR_WC170(1.0),12/12/24 23:00:00,Annual,Percentage,Total,From 15 to 74 years,All ISCED 2011 levels,Croatia,2013,17.3,,
ESTAT:TEPSR_WC170(1.0),12/12/24 23:00:00,Annual,Percentage,Total,From 15 to 74 years,All ISCED 2011 levels,Croatia,2014,17.3,b,
ESTAT:TEPSR_WC170(1.0),12/12/24 23:00:00,Annual,Percentage,Total,From 15 to 74 years,All ISCED 2011 levels,Croatia,2015,16.2,,
ESTAT:TEPSR_WC170(1.0),12/12/24 23:00:00,Annual,Percentage,Total,From 15 to 74 years,All ISCED 2011 levels,Croatia,2016,13.0,,
ESTAT:TEPSR_WC170(1.0),12/12/24 23:00:00,Annual,Percentage,Total,From 15 to 74 years,All ISCED 2011 levels,Croatia,2017,11.1,,
ESTAT:TEPSR_WC170(1.0),12/12/24 23:00:00,Annual,Percentage,Total,From 15 to 74 years,All ISCED 2011 levels,Croatia,2018,8.3,,
ESTAT:TEPSR_WC170(1.0),12/12/24 23:00:00,Annual,Percentage,Total,From 15 to 74 years,All ISCED 2011 levels,Croatia,2019,6.6,,
ESTAT:TEPSR_WC170(1.0),12/12/24 23:00:00,Annual,Percentage,Total,From 15 to 74 years,All ISCED 2011 levels,Croatia,2020,7.4,,
ESTAT:TEPSR_WC170(1.0),12/12/24 23:00:00,Annual,Percentage,Total,From 15 to 74 years,All ISCED 2011 levels,Croatia,2021,7.5,b,
ESTAT:TEPSR_WC170(1.0),12/12/24 23:00:00,Annual,Percentage,Total,From 15 to 74 years,All ISCED 2011 levels,Croatia,2022,6.8,,
ESTAT:TEPSR_WC170(1.0),12/12/24 23:00:00,Annual,Percentage,Total,From 15 to 74 years,All ISCED 2011 levels,Croatia,2023,6.1,,
ESTAT:TEPSR_WC170(1.0),12/12/24 23:00:00,Annual,Percentage,Total,From 15 to 74 years,All ISCED 2011 levels,Hungary,2005,7.2,b,
ESTAT:TEPSR_WC170(1.0),12/12/24 23:00:00,Annual,Percentage,Total,From 15 to 74 years,All ISCED 2011 levels,Hungary,2006,7.5,,
ESTAT:TEPSR_WC170(1.0),12/12/24 23:00:00,Annual,Percentage,Total,From 15 to 74 years,All ISCED 2011 levels,Hungary,2007,7.4,,
ESTAT:TEPSR_WC170(1.0),12/12/24 23:00:00,Annual,Percentage,Total,From 15 to 74 years,All ISCED 2011 levels,Hungary,2008,7.8,,
ESTAT:TEPSR_WC170(1.0),12/12/24 23:00:00,Annual,Percentage,Total,From 15 to 74 years,All ISCED 2011 levels,Hungary,2009,10.0,,
ESTAT:TEPSR_WC170(1.0),12/12/24 23:00:00,Annual,Percentage,Total,From 15 to 74 years,All ISCED 2011 levels,Hungary,2010,11.2,,
ESTAT:TEPSR_WC170(1.0),12/12/24 23:00:00,Annual,Percentage,Total,From 15 to 74 years,All ISCED 2011 levels,Hungary,2011,11.0,,
ESTAT:TEPSR_WC170(1.0),12/12/24 23:00:00,Annual,Percentage,Total,From 15 to 74 years,All ISCED 2011 levels,Hungary,2012,11.0,,
ESTAT:TEPSR_WC170(1.0),12/12/24 23:00:00,Annual,Percentage,Total,From 15 to 74 years,All ISCED 2011 levels,Hungary,2013,10.2,,
ESTAT:TEPSR_WC170(1.0),12/12/24 23:00:00,Annual,Percentage,Total,From 15 to 74 years,All ISCED 2011 levels,Hungary,2014,7.7,b,
ESTAT:TEPSR_WC170(1.0),12/12/24 23:00:00,Annual,Percentage,Total,From 15 to 74 years,All ISCED 2011 levels,Hungary,2015,6.8,,
ESTAT:TEPSR_WC170(1.0),12/12/24 23:00:00,Annual,Percentage,Total,From 15 to 74 years,All ISCED 2011 levels,Hungary,2016,5.1,,
ESTAT:TEPSR_WC170(1.0),12/12/24 23:00:00,Annual,Percentage,Total,From 15 to 74 years,All ISCED 2011 levels,Hungary,2017,4.2,,
ESTAT:TEPSR_WC170(1.0),12/12/24 23:00:00,Annual,Percentage,Total,From 15 to 74 years,All ISCED 2011 levels,Hungary,2018,3.7,b,
ESTAT:TEPSR_WC170(1.0),12/12/24 23:00:00,Annual,Percentage,Total,From 15 to 74 years,All ISCED 2011 levels,Hungary,2019,3.4,,
ESTAT:TEPSR_WC170(1.0),12/12/24 23:00:00,Annual,Percentage,Total,From 15 to 74 years,All ISCED 2011 levels,Hungary,2020,4.2,,
ESTAT:TEPSR_WC170(1.0),12/12/24 23:00:00,Annual,Percentage,Total,From 15 to 74 years,All ISCED 2011 levels,Hungary,2021,4.0,b,
ESTAT:TEPSR_WC170(1.0),12/12/24 23:00:00,Annual,Percentage,Total,From 15 to 74 years,All ISCED 2011 levels,Hungary,2022,3.6,,
ESTAT:TEPSR_WC170(1.0),12/12/24 23:00:00,Annual,Percentage,Total,From 15 to 74 years,All ISCED 2011 levels,Hungary,2023,4.1,,
ESTAT:TEPSR_WC170(1.0),12/12/24 23:00:00,Annual,Percentage,Total,From 15 to 74 years,All ISCED 2011 levels,Ireland,2005,4.4,b,
ESTAT:TEPSR_WC170(1.0),12/12/24 23:00:00,Annual,Percentage,Total,From 15 to 74 years,All ISCED 2011 levels,Ireland,2006,4.4,,
ESTAT:TEPSR_WC170(1.0),12/12/24 23:00:00,Annual,Percentage,Total,From 15 to 74 years,All ISCED 2011 levels,Ireland,2007,5.0,b,
ESTAT:TEPSR_WC170(1.0),12/12/24 23:00:00,Annual,Percentage,Total,From 15 to 74 years,All ISCED 2011 levels,Ireland,2008,6.8,,
ESTAT:TEPSR_WC170(1.0),12/12/24 23:00:00,Annual,Percentage,Total,From 15 to 74 years,All ISCED 2011 levels,Ireland,2009,12.6,,
ESTAT:TEPSR_WC170(1.0),12/12/24 23:00:00,Annual,Percentage,Total,From 15 to 74 years,All ISCED 2011 levels,Ireland,2010,14.6,,
ESTAT:TEPSR_WC170(1.0),12/12/24 23:00:00,Annual,Percentage,Total,From 15 to 74 years,All ISCED 2011 levels,Ireland,2011,15.4,,
ESTAT:TEPSR_WC170(1.0),12/12/24 23:00:00,Annual,Percentage,Total,From 15 to 74 years,All ISCED 2011 levels,Ireland,2012,15.5,,
ESTAT:TEPSR_WC170(1.0),12/12/24 23:00:00,Annual,Percentage,Total,From 15 to 74 years,All ISCED 2011 levels,Ireland,2013,13.8,,
ESTAT:TEPSR_WC170(1.0),12/12/24 23:00:00,Annual,Percentage,Total,From 15 to 74 years,All ISCED 2011 levels,Ireland,2014,11.9,b,
ESTAT:TEPSR_WC170(1.0),12/12/24 23:00:00,Annual,Percentage,Total,From 15 to 74 years,All ISCED 2011 levels,Ireland,2015,10.0,,
ESTAT:TEPSR_WC170(1.0),12/12/24 23:00:00,Annual,Percentage,Total,From 15 to 74 years,All ISCED 2011 levels,Ireland,2016,8.4,,
ESTAT:TEPSR_WC170(1.0),12/12/24 23:00:00,Annual,Percentage,Total,From 15 to 74 years,All ISCED 2011 levels,Ireland,2017,6.7,b,
ESTAT:TEPSR_WC170(1.0),12/12/24 23:00:00,Annual,Percentage,Total,From 15 to 74 years,All ISCED 2011 levels,Ireland,2018,5.8,,
ESTAT:TEPSR_WC170(1.0),12/12/24 23:00:00,Annual,Percentage,Total,From 15 to 74 years,All ISCED 2011 levels,Ireland,2019,5.0,,
ESTAT:TEPSR_WC170(1.0),12/12/24 23:00:00,Annual,Percentage,Total,From 15 to 74 years,All ISCED 2011 levels,Ireland,2020,5.7,,
ESTAT:TEPSR_WC170(1.0),12/12/24 23:00:00,Annual,Percentage,Total,From 15 to 74 years,All ISCED 2011 levels,Ireland,2021,6.2,b,
ESTAT:TEPSR_WC170(1.0),12/12/24 23:00:00,Annual,Percentage,Total,From 15 to 74 years,All ISCED 2011 levels,Ireland,2022,4.5,,
ESTAT:TEPSR_WC170(1.0),12/12/24 23:00:00,Annual,Percentage,Total,From 15 to 74 years,All ISCED 2011 levels,Ireland,2023,4.3,,
ESTAT:TEPSR_WC170(1.0),12/12/24 23:00:00,Annual,Percentage,Total,From 15 to 74 years,All ISCED 2011 levels,Italy,2005,7.7,b,
ESTAT:TEPSR_WC170(1.0),12/12/24 23:00:00,Annual,Percentage,Total,From 15 to 74 years,All ISCED 2011 levels,Italy,2006,6.8,,
ESTAT:TEPSR_WC170(1.0),12/12/24 23:00:00,Annual,Percentage,Total,From 15 to 74 years,All ISCED 2011 levels,Italy,2007,6.1,,
ESTAT:TEPSR_WC170(1.0),12/12/24 23:00:00,Annual,Percentage,Total,From 15 to 74 years,All ISCED 2011 levels,Italy,2008,6.7,,
ESTAT:TEPSR_WC170(1.0),12/12/24 23:00:00,Annual,Percentage,Total,From 15 to 74 years,All ISCED 2011 levels,Italy,2009,7.8,,
ESTAT:TEPSR_WC170(1.0),12/12/24 23:00:00,Annual,Percentage,Total,From 15 to 74 years,All ISCED 2011 levels,Italy,2010,8.4,,
ESTAT:TEPSR_WC170(1.0),12/12/24 23:00:00,Annual,Percentage,Total,From 15 to 74 years,All ISCED 2011 levels,Italy,2011,8.4,,
ESTAT:TEPSR_WC170(1.0),12/12/24 23:00:00,Annual,Percentage,Total,From 15 to 74 years,All ISCED 2011 levels,Italy,2012,10.7,,
ESTAT:TEPSR_WC170(1.0),12/12/24 23:00:00,Annual,Percentage,Total,From 15 to 74 years,All ISCED 2011 levels,Italy,2013,12.2,,
ESTAT:TEPSR_WC170(1.0),12/12/24 23:00:00,Annual,Percentage,Total,From 15 to 74 years,All ISCED 2011 levels,Italy,2014,12.7,b,
ESTAT:TEPSR_WC170(1.0),12/12/24 23:00:00,Annual,Percentage,Total,From 15 to 74 years,All ISCED 2011 levels,Italy,2015,11.9,,
ESTAT:TEPSR_WC170(1.0),12/12/24 23:00:00,Annual,Percentage,Total,From 15 to 74 years,All ISCED 2011 levels,Italy,2016,11.7,,
ESTAT:TEPSR_WC170(1.0),12/12/24 23:00:00,Annual,Percentage,Total,From 15 to 74 years,All ISCED 2011 levels,Italy,2017,11.2,,
ESTAT:TEPSR_WC170(1.0),12/12/24 23:00:00,Annual,Percentage,Total,From 15 to 74 years,All ISCED 2011 levels,Italy,2018,10.6,b,
ESTAT:TEPSR_WC170(1.0),12/12/24 23:00:00,Annual,Percentage,Total,From 15 to 74 years,All ISCED 2011 levels,Italy,2019,9.9,,
ESTAT:TEPSR_WC170(1.0),12/12/24 23:00:00,Annual,Percentage,Total,From 15 to 74 years,All ISCED 2011 levels,Italy,2020,9.2,,
ESTAT:TEPSR_WC170(1.0),12/12/24 23:00:00,Annual,Percentage,Total,From 15 to 74 years,All ISCED 2011 levels,Italy,2021,9.5,b,
ESTAT:TEPSR_WC170(1.0),12/12/24 23:00:00,Annual,Percentage,Total,From 15 to 74 years,All ISCED 2011 levels,Italy,2022,8.1,,
ESTAT:TEPSR_WC170(1.0),12/12/24 23:00:00,Annual,Percentage,Total,From 15 to 74 years,All ISCED 2011 levels,Italy,2023,7.7,,
ESTAT:TEPSR_WC170(1.0),12/12/24 23:00:00,Annual,Percentage,Total,From 15 to 74 years,All ISCED 2011 levels,Lithuania,2005,8.3,b,
ESTAT:TEPSR_WC170(1.0),12/12/24 23:00:00,Annual,Percentage,Total,From 15 to 74 years,All ISCED 2011 levels,Lithuania,2006,5.8,,
ESTAT:TEPSR_WC170(1.0),12/12/24 23:00:00,Annual,Percentage,Total,From 15 to 74 years,All ISCED 2011 levels,Lithuania,2007,4.3,,
ESTAT:TEPSR_WC170(1.0),12/12/24 23:00:00,Annual,Percentage,Total,From 15 to 74 years,All ISCED 2011 levels,Lithuania,2008,5.8,,
ESTAT:TEPSR_WC170(1.0),12/12/24 23:00:00,Annual,Percentage,Total,From 15 to 74 years,All ISCED 2011 levels,Lithuania,2009,13.8,,
ESTAT:TEPSR_WC170(1.0),12/12/24 23:00:00,Annual,Percentage,Total,From 15 to 74 years,All ISCED 2011 levels,Lithuania,2010,17.8,,
ESTAT:TEPSR_WC170(1.0),12/12/24 23:00:00,Annual,Percentage,Total,From 15 to 74 years,All ISCED 2011 levels,Lithuania,2011,15.4,,
ESTAT:TEPSR_WC170(1.0),12/12/24 23:00:00,Annual,Percentage,Total,From 15 to 74 years,All ISCED 2011 levels,Lithuania,2012,13.4,,
ESTAT:TEPSR_WC170(1.0),12/12/24 23:00:00,Annual,Percentage,Total,From 15 to 74 years,All ISCED 2011 levels,Lithuania,2013,11.8,,
ESTAT:TEPSR_WC170(1.0),12/12/24 23:00:00,Annual,Percentage,Total,From 15 to 74 years,All ISCED 2011 levels,Lithuania,2014,10.7,b,
ESTAT:TEPSR_WC170(1.0),12/12/24 23:00:00,Annual,Percentage,Total,From 15 to 74 years,All ISCED 2011 levels,Lithuania,2015,9.1,,
ESTAT:TEPSR_WC170(1.0),12/12/24 23:00:00,Annual,Percentage,Total,From 15 to 74 years,All ISCED 2011 levels,Lithuania,2016,7.9,,
ESTAT:TEPSR_WC170(1.0),12/12/24 23:00:00,Annual,Percentage,Total,From 15 to 74 years,All ISCED 2011 levels,Lithuania,2017,7.1,,
ESTAT:TEPSR_WC170(1.0),12/12/24 23:00:00,Annual,Percentage,Total,From 15 to 74 years,All ISCED 2011 levels,Lithuania,2018,6.2,,
ESTAT:TEPSR_WC170(1.0),12/12/24 23:00:00,Annual,Percentage,Total,From 15 to 74 years,All ISCED 2011 levels,Lithuania,2019,6.3,,
ESTAT:TEPSR_WC170(1.0),12/12/24 23:00:00,Annual,Percentage,Total,From 15 to 74 years,All ISCED 2011 levels,Lithuania,2020,8.5,,
ESTAT:TEPSR_WC170(1.0),12/12/24 23:00:00,Annual,Percentage,Total,From 15 to 74 years,All ISCED 2011 levels,Lithuania,2021,7.1,b,
ESTAT:TEPSR_WC170(1.0),12/12/24 23:00:00,Annual,Percentage,Total,From 15 to 74 years,All ISCED 2011 levels,Lithuania,2022,6.0,,
ESTAT:TEPSR_WC170(1.0),12/12/24 23:00:00,Annual,Percentage,Total,From 15 to 74 years,All ISCED 2011 levels,Lithuania,2023,6.9,,
ESTAT:TEPSR_WC170(1.0),12/12/24 23:00:00,Annual,Percentage,Total,From 15 to 74 years,All ISCED 2011 levels,Luxembourg,2005,4.5,b,
ESTAT:TEPSR_WC170(1.0),12/12/24 23:00:00,Annual,Percentage,Total,From 15 to 74 years,All ISCED 2011 levels,Luxembourg,2006,4.7,,
ESTAT:TEPSR_WC170(1.0),12/12/24 23:00:00,Annual,Percentage,Total,From 15 to 74 years,All ISCED 2011 levels,Luxembourg,2007,4.1,b,
ESTAT:TEPSR_WC170(1.0),12/12/24 23:00:00,Annual,Percentage,Total,From 15 to 74 years,All ISCED 2011 levels,Luxembourg,2008,5.1,,
ESTAT:TEPSR_WC170(1.0),12/12/24 23:00:00,Annual,Percentage,Total,From 15 to 74 years,All ISCED 2011 levels,Luxembourg,2009,5.1,b,
ESTAT:TEPSR_WC170(1.0),12/12/24 23:00:00,Annual,Percentage,Total,From 15 to 74 years,All ISCED 2011 levels,Luxembourg,2010,4.4,,
ESTAT:TEPSR_WC170(1.0),12/12/24 23:00:00,Annual,Percentage,Total,From 15 to 74 years,All ISCED 2011 levels,Luxembourg,2011,4.9,,
ESTAT:TEPSR_WC170(1.0),12/12/24 23:00:00,Annual,Percentage,Total,From 15 to 74 years,All ISCED 2011 levels,Luxembourg,2012,5.1,,
ESTAT:TEPSR_WC170(1.0),12/12/24 23:00:00,Annual,Percentage,Total,From 15 to 74 years,All ISCED 2011 levels,Luxembourg,2013,5.9,,
ESTAT:TEPSR_WC170(1.0),12/12/24 23:00:00,Annual,Percentage,Total,From 15 to 74 years,All ISCED 2011 levels,Luxembourg,2014,5.9,b,
ESTAT:TEPSR_WC170(1.0),12/12/24 23:00:00,Annual,Percentage,Total,From 15 to 74 years,All ISCED 2011 levels,Luxembourg,2015,6.7,b,
ESTAT:TEPSR_WC170(1.0),12/12/24 23:00:00,Annual,Percentage,Total,From 15 to 74 years,All ISCED 2011 levels,Luxembourg,2016,6.3,,
ESTAT:TEPSR_WC170(1.0),12/12/24 23:00:00,Annual,Percentage,Total,From 15 to 74 years,All ISCED 2011 levels,Luxembourg,2017,5.5,,
ESTAT:TEPSR_WC170(1.0),12/12/24 23:00:00,Annual,Percentage,Total,From 15 to 74 years,All ISCED 2011 levels,Luxembourg,2018,5.6,,
ESTAT:TEPSR_WC170(1.0),12/12/24 23:00:00,Annual,Percentage,Total,From 15 to 74 years,All ISCED 2011 levels,Luxembourg,2019,5.6,,
ESTAT:TEPSR_WC170(1.0),12/12/24 23:00:00,Annual,Percentage,Total,From 15 to 74 years,All ISCED 2011 levels,Luxembourg,2020,6.8,,
ESTAT:TEPSR_WC170(1.0),12/12/24 23:00:00,Annual,Percentage,Total,From 15 to 74 years,All ISCED 2011 levels,Luxembourg,2021,5.3,b,
ESTAT:TEPSR_WC170(1.0),12/12/24 23:00:00,Annual,Percentage,Total,From 15 to 74 years,All ISCED 2011 levels,Luxembourg,2022,4.6,,
ESTAT:TEPSR_WC170(1.0),12/12/24 23:00:00,Annual,Percentage,Total,From 15 to 74 years,All ISCED 2011 levels,Luxembourg,2023,5.2,,
ESTAT:TEPSR_WC170(1.0),12/12/24 23:00:00,Annual,Percentage,Total,From 15 to 74 years,All ISCED 2011 levels,Latvia,2005,10.0,b,
ESTAT:TEPSR_WC170(1.0),12/12/24 23:00:00,Annual,Percentage,Total,From 15 to 74 years,All ISCED 2011 levels,Latvia,2006,7.0,,
ESTAT:TEPSR_WC170(1.0),12/12/24 23:00:00,Annual,Percentage,Total,From 15 to 74 years,All ISCED 2011 levels,Latvia,2007,6.1,,
ESTAT:TEPSR_WC170(1.0),12/12/24 23:00:00,Annual,Percentage,Total,From 15 to 74 years,All ISCED 2011 levels,Latvia,2008,7.7,,
ESTAT:TEPSR_WC170(1.0),12/12/24 23:00:00,Annual,Percentage,Total,From 15 to 74 years,All ISCED 2011 levels,Latvia,2009,17.5,,
ESTAT:TEPSR_WC170(1.0),12/12/24 23:00:00,Annual,Percentage,Total,From 15 to 74 years,All ISCED 2011 levels,Latvia,2010,19.5,,
ESTAT:TEPSR_WC170(1.0),12/12/24 23:00:00,Annual,Percentage,Total,From 15 to 74 years,All ISCED 2011 levels,Latvia,2011,16.2,,
ESTAT:TEPSR_WC170(1.0),12/12/24 23:00:00,Annual,Percentage,Total,From 15 to 74 years,All ISCED 2011 levels,Latvia,2012,15.0,,
ESTAT:TEPSR_WC170(1.0),12/12/24 23:00:00,Annual,Percentage,Total,From 15 to 74 years,All ISCED 2011 levels,Latvia,2013,11.9,,
ESTAT:TEPSR_WC170(1.0),12/12/24 23:00:00,Annual,Percentage,Total,From 15 to 74 years,All ISCED 2011 levels,Latvia,2014,10.8,b,
ESTAT:TEPSR_WC170(1.0),12/12/24 23:00:00,Annual,Percentage,Total,From 15 to 74 years,All ISCED 2011 levels,Latvia,2015,9.9,,
ESTAT:TEPSR_WC170(1.0),12/12/24 23:00:00,Annual,Percentage,Total,From 15 to 74 years,All ISCED 2011 levels,Latvia,2016,9.6,,
ESTAT:TEPSR_WC170(1.0),12/12/24 23:00:00,Annual,Percentage,Total,From 15 to 74 years,All ISCED 2011 levels,Latvia,2017,8.7,,
ESTAT:TEPSR_WC170(1.0),12/12/24 23:00:00,Annual,Percentage,Total,From 15 to 74 years,All ISCED 2011 levels,Latvia,2018,7.4,,
ESTAT:TEPSR_WC170(1.0),12/12/24 23:00:00,Annual,Percentage,Total,From 15 to 74 years,All ISCED 2011 levels,Latvia,2019,6.3,,
ESTAT:TEPSR_WC170(1.0),12/12/24 23:00:00,Annual,Percentage,Total,From 15 to 74 years,All ISCED 2011 levels,Latvia,2020,8.1,,
ESTAT:TEPSR_WC170(1.0),12/12/24 23:00:00,Annual,Percentage,Total,From 15 to 74 years,All ISCED 2011 levels,Latvia,2021,7.6,b,
ESTAT:TEPSR_WC170(1.0),12/12/24 23:00:00,Annual,Percentage,Total,From 15 to 74 years,All ISCED 2011 levels,Latvia,2022,6.9,,
ESTAT:TEPSR_WC170(1.0),12/12/24 23:00:00,Annual,Percentage,Total,From 15 to 74 years,All ISCED 2011 levels,Latvia,2023,6.5,,
ESTAT:TEPSR_WC170(1.0),12/12/24 23:00:00,Annual,Percentage,Total,From 15 to 74 years,All ISCED 2011 levels,Malta,2005,6.9,b,
ESTAT:TEPSR_WC170(1.0),12/12/24 23:00:00,Annual,Percentage,Total,From 15 to 74 years,All ISCED 2011 levels,Malta,2006,6.8,,
ESTAT:TEPSR_WC170(1.0),12/12/24 23:00:00,Annual,Percentage,Total,From 15 to 74 years,All ISCED 2011 levels,Malta,2007,6.5,,
ESTAT:TEPSR_WC170(1.0),12/12/24 23:00:00,Annual,Percentage,Total,From 15 to 74 years,All ISCED 2011 levels,Malta,2008,6.0,,
ESTAT:TEPSR_WC170(1.0),12/12/24 23:00:00,Annual,Percentage,Total,From 15 to 74 years,All ISCED 2011 levels,Malta,2009,6.9,,
ESTAT:TEPSR_WC170(1.0),12/12/24 23:00:00,Annual,Percentage,Total,From 15 to 74 years,All ISCED 2011 levels,Malta,2010,6.9,,
ESTAT:TEPSR_WC170(1.0),12/12/24 23:00:00,Annual,Percentage,Total,From 15 to 74 years,All ISCED 2011 levels,Malta,2011,6.4,b,
ESTAT:TEPSR_WC170(1.0),12/12/24 23:00:00,Annual,Percentage,Total,From 15 to 74 years,All ISCED 2011 levels,Malta,2012,6.2,,
ESTAT:TEPSR_WC170(1.0),12/12/24 23:00:00,Annual,Percentage,Total,From 15 to 74 years,All ISCED 2011 levels,Malta,2013,6.1,,
ESTAT:TEPSR_WC170(1.0),12/12/24 23:00:00,Annual,Percentage,Total,From 15 to 74 years,All ISCED 2011 levels,Malta,2014,5.7,b,
ESTAT:TEPSR_WC170(1.0),12/12/24 23:00:00,Annual,Percentage,Total,From 15 to 74 years,All ISCED 2011 levels,Malta,2015,5.4,,
ESTAT:TEPSR_WC170(1.0),12/12/24 23:00:00,Annual,Percentage,Total,From 15 to 74 years,All ISCED 2011 levels,Malta,2016,4.7,,
ESTAT:TEPSR_WC170(1.0),12/12/24 23:00:00,Annual,Percentage,Total,From 15 to 74 years,All ISCED 2011 levels,Malta,2017,4.0,,
ESTAT:TEPSR_WC170(1.0),12/12/24 23:00:00,Annual,Percentage,Total,From 15 to 74 years,All ISCED 2011 levels,Malta,2018,4.0,,
ESTAT:TEPSR_WC170(1.0),12/12/24 23:00:00,Annual,Percentage,Total,From 15 to 74 years,All ISCED 2011 levels,Malta,2019,4.1,,
ESTAT:TEPSR_WC170(1.0),12/12/24 23:00:00,Annual,Percentage,Total,From 15 to 74 years,All ISCED 2011 levels,Malta,2020,4.9,,
ESTAT:TEPSR_WC170(1.0),12/12/24 23:00:00,Annual,Percentage,Total,From 15 to 74 years,All ISCED 2011 levels,Malta,2021,3.8,b,
ESTAT:TEPSR_WC170(1.0),12/12/24 23:00:00,Annual,Percentage,Total,From 15 to 74 years,All ISCED 2011 levels,Malta,2022,3.5,,
ESTAT:TEPSR_WC170(1.0),12/12/24 23:00:00,Annual,Percentage,Total,From 15 to 74 years,All ISCED 2011 levels,Malta,2023,3.5,,
ESTAT:TEPSR_WC170(1.0),12/12/24 23:00:00,Annual,Percentage,Total,From 15 to 74 years,All ISCED 2011 levels,Netherlands,2005,5.9,b,
ESTAT:TEPSR_WC170(1.0),12/12/24 23:00:00,Annual,Percentage,Total,From 15 to 74 years,All ISCED 2011 levels,Netherlands,2006,5.0,b,
ESTAT:TEPSR_WC170(1.0),12/12/24 23:00:00,Annual,Percentage,Total,From 15 to 74 years,All ISCED 2011 levels,Netherlands,2007,4.2,,
ESTAT:TEPSR_WC170(1.0),12/12/24 23:00:00,Annual,Percentage,Total,From 15 to 74 years,All ISCED 2011 levels,Netherlands,2008,3.7,,
ESTAT:TEPSR_WC170(1.0),12/12/24 23:00:00,Annual,Percentage,Total,From 15 to 74 years,All ISCED 2011 levels,Netherlands,2009,4.4,,
ESTAT:TEPSR_WC170(1.0),12/12/24 23:00:00,Annual,Percentage,Total,From 15 to 74 years,All ISCED 2011 levels,Netherlands,2010,5.0,,
ESTAT:TEPSR_WC170(1.0),12/12/24 23:00:00,Annual,Percentage,Total,From 15 to 74 years,All ISCED 2011 levels,Netherlands,2011,5.0,,
ESTAT:TEPSR_WC170(1.0),12/12/24 23:00:00,Annual,Percentage,Total,From 15 to 74 years,All ISCED 2011 levels,Netherlands,2012,5.8,,
ESTAT:TEPSR_WC170(1.0),12/12/24 23:00:00,Annual,Percentage,Total,From 15 to 74 years,All ISCED 2011 levels,Netherlands,2013,7.3,b,
ESTAT:TEPSR_WC170(1.0),12/12/24 23:00:00,Annual,Percentage,Total,From 15 to 74 years,All ISCED 2011 levels,Netherlands,2014,7.4,b,
ESTAT:TEPSR_WC170(1.0),12/12/24 23:00:00,Annual,Percentage,Total,From 15 to 74 years,All ISCED 2011 levels,Netherlands,2015,6.9,,
ESTAT:TEPSR_WC170(1.0),12/12/24 23:00:00,Annual,Percentage,Total,From 15 to 74 years,All ISCED 2011 levels,Netherlands,2016,6.0,,
ESTAT:TEPSR_WC170(1.0),12/12/24 23:00:00,Annual,Percentage,Total,From 15 to 74 years,All ISCED 2011 levels,Netherlands,2017,4.9,,
ESTAT:TEPSR_WC170(1.0),12/12/24 23:00:00,Annual,Percentage,Total,From 15 to 74 years,All ISCED 2011 levels,Netherlands,2018,3.8,,
ESTAT:TEPSR_WC170(1.0),12/12/24 23:00:00,Annual,Percentage,Total,From 15 to 74 years,All ISCED 2011 levels,Netherlands,2019,3.4,b,
ESTAT:TEPSR_WC170(1.0),12/12/24 23:00:00,Annual,Percentage,Total,From 15 to 74 years,All ISCED 2011 levels,Netherlands,2020,3.8,,
ESTAT:TEPSR_WC170(1.0),12/12/24 23:00:00,Annual,Percentage,Total,From 15 to 74 years,All ISCED 2011 levels,Netherlands,2021,4.2,b,
ESTAT:TEPSR_WC170(1.0),12/12/24 23:00:00,Annual,Percentage,Total,From 15 to 74 years,All ISCED 2011 levels,Netherlands,2022,3.5,,
ESTAT:TEPSR_WC170(1.0),12/12/24 23:00:00,Annual,Percentage,Total,From 15 to 74 years,All ISCED 2011 levels,Netherlands,2023,3.6,,
ESTAT:TEPSR_WC170(1.0),12/12/24 23:00:00,Annual,Percentage,Total,From 15 to 74 years,All ISCED 2011 levels,Poland,2005,17.8,b,
ESTAT:TEPSR_WC170(1.0),12/12/24 23:00:00,Annual,Percentage,Total,From 15 to 74 years,All ISCED 2011 levels,Poland,2006,13.9,,
ESTAT:TEPSR_WC170(1.0),12/12/24 23:00:00,Annual,Percentage,Total,From 15 to 74 years,All ISCED 2011 levels,Poland,2007,9.6,,
ESTAT:TEPSR_WC170(1.0),12/12/24 23:00:00,Annual,Percentage,Total,From 15 to 74 years,All ISCED 2011 levels,Poland,2008,7.1,,
ESTAT:TEPSR_WC170(1.0),12/12/24 23:00:00,Annual,Percentage,Total,From 15 to 74 years,All ISCED 2011 levels,Poland,2009,8.2,,
ESTAT:TEPSR_WC170(1.0),12/12/24 23:00:00,Annual,Percentage,Total,From 15 to 74 years,All ISCED 2011 levels,Poland,2010,9.7,b,
ESTAT:TEPSR_WC170(1.0),12/12/24 23:00:00,Annual,Percentage,Total,From 15 to 74 years,All ISCED 2011 levels,Poland,2011,9.7,,
ESTAT:TEPSR_WC170(1.0),12/12/24 23:00:00,Annual,Percentage,Total,From 15 to 74 years,All ISCED 2011 levels,Poland,2012,10.1,,
ESTAT:TEPSR_WC170(1.0),12/12/24 23:00:00,Annual,Percentage,Total,From 15 to 74 years,All ISCED 2011 levels,Poland,2013,10.3,,
ESTAT:TEPSR_WC170(1.0),12/12/24 23:00:00,Annual,Percentage,Total,From 15 to 74 years,All ISCED 2011 levels,Poland,2014,9.0,b,
ESTAT:TEPSR_WC170(1.0),12/12/24 23:00:00,Annual,Percentage,Total,From 15 to 74 years,All ISCED 2011 levels,Poland,2015,7.5,,
ESTAT:TEPSR_WC170(1.0),12/12/24 23:00:00,Annual,Percentage,Total,From 15 to 74 years,All ISCED 2011 levels,Poland,2016,6.2,,
ESTAT:TEPSR_WC170(1.0),12/12/24 23:00:00,Annual,Percentage,Total,From 15 to 74 years,All ISCED 2011 levels,Poland,2017,4.9,,
ESTAT:TEPSR_WC170(1.0),12/12/24 23:00:00,Annual,Percentage,Total,From 15 to 74 years,All ISCED 2011 levels,Poland,2018,3.9,,
ESTAT:TEPSR_WC170(1.0),12/12/24 23:00:00,Annual,Percentage,Total,From 15 to 74 years,All ISCED 2011 levels,Poland,2019,3.2,b,
ESTAT:TEPSR_WC170(1.0),12/12/24 23:00:00,Annual,Percentage,Total,From 15 to 74 years,All ISCED 2011 levels,Poland,2020,3.2,,
ESTAT:TEPSR_WC170(1.0),12/12/24 23:00:00,Annual,Percentage,Total,From 15 to 74 years,All ISCED 2011 levels,Poland,2021,3.4,b,
ESTAT:TEPSR_WC170(1.0),12/12/24 23:00:00,Annual,Percentage,Total,From 15 to 74 years,All ISCED 2011 levels,Poland,2022,2.9,,
ESTAT:TEPSR_WC170(1.0),12/12/24 23:00:00,Annual,Percentage,Total,From 15 to 74 years,All ISCED 2011 levels,Poland,2023,2.8,,
ESTAT:TEPSR_WC170(1.0),12/12/24 23:00:00,Annual,Percentage,Total,From 15 to 74 years,All ISCED 2011 levels,Portugal,2005,7.7,b,
ESTAT:TEPSR_WC170(1.0),12/12/24 23:00:00,Annual,Percentage,Total,From 15 to 74 years,All ISCED 2011 levels,Portugal,2006,7.8,,
ESTAT:TEPSR_WC170(1.0),12/12/24 23:00:00,Annual,Percentage,Total,From 15 to 74 years,All ISCED 2011 levels,Portugal,2007,8.1,,
ESTAT:TEPSR_WC170(1.0),12/12/24 23:00:00,Annual,Percentage,Total,From 15 to 74 years,All ISCED 2011 levels,Portugal,2008,7.7,,
ESTAT:TEPSR_WC170(1.0),12/12/24 23:00:00,Annual,Percentage,Total,From 15 to 74 years,All ISCED 2011 levels,Portugal,2009,9.6,,
ESTAT:TEPSR_WC170(1.0),12/12/24 23:00:00,Annual,Percentage,Total,From 15 to 74 years,All ISCED 2011 levels,Portugal,2010,11.0,,
ESTAT:TEPSR_WC170(1.0),12/12/24 23:00:00,Annual,Percentage,Total,From 15 to 74 years,All ISCED 2011 levels,Portugal,2011,12.9,b,
ESTAT:TEPSR_WC170(1.0),12/12/24 23:00:00,Annual,Percentage,Total,From 15 to 74 years,All ISCED 2011 levels,Portugal,2012,15.8,,
ESTAT:TEPSR_WC170(1.0),12/12/24 23:00:00,Annual,Percentage,Total,From 15 to 74 years,All ISCED 2011 levels,Portugal,2013,16.5,,
ESTAT:TEPSR_WC170(1.0),12/12/24 23:00:00,Annual,Percentage,Total,From 15 to 74 years,All ISCED 2011 levels,Portugal,2014,14.1,b,
ESTAT:TEPSR_WC170(1.0),12/12/24 23:00:00,Annual,Percentage,Total,From 15 to 74 years,All ISCED 2011 levels,Portugal,2015,12.6,,
ESTAT:TEPSR_WC170(1.0),12/12/24 23:00:00,Annual,Percentage,Total,From 15 to 74 years,All ISCED 2011 levels,Portugal,2016,11.2,,
ESTAT:TEPSR_WC170(1.0),12/12/24 23:00:00,Annual,Percentage,Total,From 15 to 74 years,All ISCED 2011 levels,Portugal,2017,9.0,,
ESTAT:TEPSR_WC170(1.0),12/12/24 23:00:00,Annual,Percentage,Total,From 15 to 74 years,All ISCED 2011 levels,Portugal,2018,7.1,,
ESTAT:TEPSR_WC170(1.0),12/12/24 23:00:00,Annual,Percentage,Total,From 15 to 74 years,All ISCED 2011 levels,Portugal,2019,6.5,,
ESTAT:TEPSR_WC170(1.0),12/12/24 23:00:00,Annual,Percentage,Total,From 15 to 74 years,All ISCED 2011 levels,Portugal,2020,6.9,,
ESTAT:TEPSR_WC170(1.0),12/12/24 23:00:00,Annual,Percentage,Total,From 15 to 74 years,All ISCED 2011 levels,Portugal,2021,6.7,b,
ESTAT:TEPSR_WC170(1.0),12/12/24 23:00:00,Annual,Percentage,Total,From 15 to 74 years,All ISCED 2011 levels,Portugal,2022,6.2,,
ESTAT:TEPSR_WC170(1.0),12/12/24 23:00:00,Annual,Percentage,Total,From 15 to 74 years,All ISCED 2011 levels,Portugal,2023,6.5,,
ESTAT:TEPSR_WC170(1.0),12/12/24 23:00:00,Annual,Percentage,Total,From 15 to 74 years,All ISCED 2011 levels,Romania,2005,7.2,b,
ESTAT:TEPSR_WC170(1.0),12/12/24 23:00:00,Annual,Percentage,Total,From 15 to 74 years,All ISCED 2011 levels,Romania,2006,7.3,,
ESTAT:TEPSR_WC170(1.0),12/12/24 23:00:00,Annual,Percentage,Total,From 15 to 74 years,All ISCED 2011 levels,Romania,2007,6.4,,
ESTAT:TEPSR_WC170(1.0),12/12/24 23:00:00,Annual,Percentage,Total,From 15 to 74 years,All ISCED 2011 levels,Romania,2008,5.8,,
ESTAT:TEPSR_WC170(1.0),12/12/24 23:00:00,Annual,Percentage,Total,From 15 to 74 years,All ISCED 2011 levels,Romania,2009,6.9,,
ESTAT:TEPSR_WC170(1.0),12/12/24 23:00:00,Annual,Percentage,Total,From 15 to 74 years,All ISCED 2011 levels,Romania,2010,7.0,b,
ESTAT:TEPSR_WC170(1.0),12/12/24 23:00:00,Annual,Percentage,Total,From 15 to 74 years,All ISCED 2011 levels,Romania,2011,7.2,,
ESTAT:TEPSR_WC170(1.0),12/12/24 23:00:00,Annual,Percentage,Total,From 15 to 74 years,All ISCED 2011 levels,Romania,2012,6.8,,
ESTAT:TEPSR_WC170(1.0),12/12/24 23:00:00,Annual,Percentage,Total,From 15 to 74 years,All ISCED 2011 levels,Romania,2013,7.1,,
ESTAT:TEPSR_WC170(1.0),12/12/24 23:00:00,Annual,Percentage,Total,From 15 to 74 years,All ISCED 2011 levels,Romania,2014,6.8,b,
ESTAT:TEPSR_WC170(1.0),12/12/24 23:00:00,Annual,Percentage,Total,From 15 to 74 years,All ISCED 2011 levels,Romania,2015,6.8,,
ESTAT:TEPSR_WC170(1.0),12/12/24 23:00:00,Annual,Percentage,Total,From 15 to 74 years,All ISCED 2011 levels,Romania,2016,5.9,,
ESTAT:TEPSR_WC170(1.0),12/12/24 23:00:00,Annual,Percentage,Total,From 15 to 74 years,All ISCED 2011 levels,Romania,2017,4.9,,
ESTAT:TEPSR_WC170(1.0),12/12/24 23:00:00,Annual,Percentage,Total,From 15 to 74 years,All ISCED 2011 levels,Romania,2018,4.2,,
ESTAT:TEPSR_WC170(1.0),12/12/24 23:00:00,Annual,Percentage,Total,From 15 to 74 years,All ISCED 2011 levels,Romania,2019,3.9,,
ESTAT:TEPSR_WC170(1.0),12/12/24 23:00:00,Annual,Percentage,Total,From 15 to 74 years,All ISCED 2011 levels,Romania,2020,5.0,,
ESTAT:TEPSR_WC170(1.0),12/12/24 23:00:00,Annual,Percentage,Total,From 15 to 74 years,All ISCED 2011 levels,Romania,2021,5.6,b,
ESTAT:TEPSR_WC170(1.0),12/12/24 23:00:00,Annual,Percentage,Total,From 15 to 74 years,All ISCED 2011 levels,Romania,2022,5.6,,
ESTAT:TEPSR_WC170(1.0),12/12/24 23:00:00,Annual,Percentage,Total,From 15 to 74 years,All ISCED 2011 levels,Romania,2023,5.6,,
ESTAT:TEPSR_WC170(1.0),12/12/24 23:00:00,Annual,Percentage,Total,From 15 to 74 years,All ISCED 2011 levels,Sweden,2005,7.5,b,
ESTAT:TEPSR_WC170(1.0),12/12/24 23:00:00,Annual,Percentage,Total,From 15 to 74 years,All ISCED 2011 levels,Sweden,2006,7.1,b,
ESTAT:TEPSR_WC170(1.0),12/12/24 23:00:00,Annual,Percentage,Total,From 15 to 74 years,All ISCED 2011 levels,Sweden,2007,6.2,,
ESTAT:TEPSR_WC170(1.0),12/12/24 23:00:00,Annual,Percentage,Total,From 15 to 74 years,All ISCED 2011 levels,Sweden,2008,6.2,,
ESTAT:TEPSR_WC170(1.0),12/12/24 23:00:00,Annual,Percentage,Total,From 15 to 74 years,All ISCED 2011 levels,Sweden,2009,8.4,,
ESTAT:TEPSR_WC170(1.0),12/12/24 23:00:00,Annual,Percentage,Total,From 15 to 74 years,All ISCED 2011 levels,Sweden,2010,8.6,,
ESTAT:TEPSR_WC170(1.0),12/12/24 23:00:00,Annual,Percentage,Total,From 15 to 74 years,All ISCED 2011 levels,Sweden,2011,7.8,,
ESTAT:TEPSR_WC170(1.0),12/12/24 23:00:00,Annual,Percentage,Total,From 15 to 74 years,All ISCED 2011 levels,Sweden,2012,8.0,,
ESTAT:TEPSR_WC170(1.0),12/12/24 23:00:00,Annual,Percentage,Total,From 15 to 74 years,All ISCED 2011 levels,Sweden,2013,8.1,,
ESTAT:TEPSR_WC170(1.0),12/12/24 23:00:00,Annual,Percentage,Total,From 15 to 74 years,All ISCED 2011 levels,Sweden,2014,8.0,b,
ESTAT:TEPSR_WC170(1.0),12/12/24 23:00:00,Annual,Percentage,Total,From 15 to 74 years,All ISCED 2011 levels,Sweden,2015,7.4,,
ESTAT:TEPSR_WC170(1.0),12/12/24 23:00:00,Annual,Percentage,Total,From 15 to 74 years,All ISCED 2011 levels,Sweden,2016,7.0,,
ESTAT:TEPSR_WC170(1.0),12/12/24 23:00:00,Annual,Percentage,Total,From 15 to 74 years,All ISCED 2011 levels,Sweden,2017,6.7,,
ESTAT:TEPSR_WC170(1.0),12/12/24 23:00:00,Annual,Percentage,Total,From 15 to 74 years,All ISCED 2011 levels,Sweden,2018,6.4,b,
ESTAT:TEPSR_WC170(1.0),12/12/24 23:00:00,Annual,Percentage,Total,From 15 to 74 years,All ISCED 2011 levels,Sweden,2019,6.8,,
ESTAT:TEPSR_WC170(1.0),12/12/24 23:00:00,Annual,Percentage,Total,From 15 to 74 years,All ISCED 2011 levels,Sweden,2020,8.3,,
ESTAT:TEPSR_WC170(1.0),12/12/24 23:00:00,Annual,Percentage,Total,From 15 to 74 years,All ISCED 2011 levels,Sweden,2021,8.9,b,
ESTAT:TEPSR_WC170(1.0),12/12/24 23:00:00,Annual,Percentage,Total,From 15 to 74 years,All ISCED 2011 levels,Sweden,2022,7.5,,
ESTAT:TEPSR_WC170(1.0),12/12/24 23:00:00,Annual,Percentage,Total,From 15 to 74 years,All ISCED 2011 levels,Sweden,2023,7.7,,
ESTAT:TEPSR_WC170(1.0),12/12/24 23:00:00,Annual,Percentage,Total,From 15 to 74 years,All ISCED 2011 levels,Slovenia,2005,6.5,b,
ESTAT:TEPSR_WC170(1.0),12/12/24 23:00:00,Annual,Percentage,Total,From 15 to 74 years,All ISCED 2011 levels,Slovenia,2006,6.0,,
ESTAT:TEPSR_WC170(1.0),12/12/24 23:00:00,Annual,Percentage,Total,From 15 to 74 years,All ISCED 2011 levels,Slovenia,2007,4.9,,
ESTAT:TEPSR_WC170(1.0),12/12/24 23:00:00,Annual,Percentage,Total,From 15 to 74 years,All ISCED 2011 levels,Slovenia,2008,4.4,,
ESTAT:TEPSR_WC170(1.0),12/12/24 23:00:00,Annual,Percentage,Total,From 15 to 74 years,All ISCED 2011 levels,Slovenia,2009,5.9,,
ESTAT:TEPSR_WC170(1.0),12/12/24 23:00:00,Annual,Percentage,Total,From 15 to 74 years,All ISCED 2011 levels,Slovenia,2010,7.3,,
ESTAT:TEPSR_WC170(1.0),12/12/24 23:00:00,Annual,Percentage,Total,From 15 to 74 years,All ISCED 2011 levels,Slovenia,2011,8.2,,
ESTAT:TEPSR_WC170(1.0),12/12/24 23:00:00,Annual,Percentage,Total,From 15 to 74 years,All ISCED 2011 levels,Slovenia,2012,8.9,,
ESTAT:TEPSR_WC170(1.0),12/12/24 23:00:00,Annual,Percentage,Total,From 15 to 74 years,All ISCED 2011 levels,Slovenia,2013,10.1,,
ESTAT:TEPSR_WC170(1.0),12/12/24 23:00:00,Annual,Percentage,Total,From 15 to 74 years,All ISCED 2011 levels,Slovenia,2014,9.7,b,
ESTAT:TEPSR_WC170(1.0),12/12/24 23:00:00,Annual,Percentage,Total,From 15 to 74 years,All ISCED 2011 levels,Slovenia,2015,9.0,,
ESTAT:TEPSR_WC170(1.0),12/12/24 23:00:00,Annual,Percentage,Total,From 15 to 74 years,All ISCED 2011 levels,Slovenia,2016,8.0,,
ESTAT:TEPSR_WC170(1.0),12/12/24 23:00:00,Annual,Percentage,Total,From 15 to 74 years,All ISCED 2011 levels,Slovenia,2017,6.6,,
ESTAT:TEPSR_WC170(1.0),12/12/24 23:00:00,Annual,Percentage,Total,From 15 to 74 years,All ISCED 2011 levels,Slovenia,2018,5.1,,
ESTAT:TEPSR_WC170(1.0),12/12/24 23:00:00,Annual,Percentage,Total,From 15 to 74 years,All ISCED 2011 levels,Slovenia,2019,4.5,,
ESTAT:TEPSR_WC170(1.0),12/12/24 23:00:00,Annual,Percentage,Total,From 15 to 74 years,All ISCED 2011 levels,Slovenia,2020,5.0,,
ESTAT:TEPSR_WC170(1.0),12/12/24 23:00:00,Annual,Percentage,Total,From 15 to 74 years,All ISCED 2011 levels,Slovenia,2021,4.8,b,
ESTAT:TEPSR_WC170(1.0),12/12/24 23:00:00,Annual,Percentage,Total,From 15 to 74 years,All ISCED 2011 levels,Slovenia,2022,4.0,,
ESTAT:TEPSR_WC170(1.0),12/12/24 23:00:00,Annual,Percentage,Total,From 15 to 74 years,All ISCED 2011 levels,Slovenia,2023,3.7,b,
ESTAT:TEPSR_WC170(1.0),12/12/24 23:00:00,Annual,Percentage,Total,From 15 to 74 years,All ISCED 2011 levels,Slovakia,2005,16.3,b,
ESTAT:TEPSR_WC170(1.0),12/12/24 23:00:00,Annual,Percentage,Total,From 15 to 74 years,All ISCED 2011 levels,Slovakia,2006,13.4,,
ESTAT:TEPSR_WC170(1.0),12/12/24 23:00:00,Annual,Percentage,Total,From 15 to 74 years,All ISCED 2011 levels,Slovakia,2007,11.1,,
ESTAT:TEPSR_WC170(1.0),12/12/24 23:00:00,Annual,Percentage,Total,From 15 to 74 years,All ISCED 2011 levels,Slovakia,2008,9.5,,
ESTAT:TEPSR_WC170(1.0),12/12/24 23:00:00,Annual,Percentage,Total,From 15 to 74 years,All ISCED 2011 levels,Slovakia,2009,12.0,,
ESTAT:TEPSR_WC170(1.0),12/12/24 23:00:00,Annual,Percentage,Total,From 15 to 74 years,All ISCED 2011 levels,Slovakia,2010,14.4,,
ESTAT:TEPSR_WC170(1.0),12/12/24 23:00:00,Annual,Percentage,Total,From 15 to 74 years,All ISCED 2011 levels,Slovakia,2011,13.6,b,
ESTAT:TEPSR_WC170(1.0),12/12/24 23:00:00,Annual,Percentage,Total,From 15 to 74 years,All ISCED 2011 levels,Slovakia,2012,14.0,,
ESTAT:TEPSR_WC170(1.0),12/12/24 23:00:00,Annual,Percentage,Total,From 15 to 74 years,All ISCED 2011 levels,Slovakia,2013,14.2,,
ESTAT:TEPSR_WC170(1.0),12/12/24 23:00:00,Annual,Percentage,Total,From 15 to 74 years,All ISCED 2011 levels,Slovakia,2014,13.2,b,
ESTAT:TEPSR_WC170(1.0),12/12/24 23:00:00,Annual,Percentage,Total,From 15 to 74 years,All ISCED 2011 levels,Slovakia,2015,11.5,,
ESTAT:TEPSR_WC170(1.0),12/12/24 23:00:00,Annual,Percentage,Total,From 15 to 74 years,All ISCED 2011 levels,Slovakia,2016,9.7,,
ESTAT:TEPSR_WC170(1.0),12/12/24 23:00:00,Annual,Percentage,Total,From 15 to 74 years,All ISCED 2011 levels,Slovakia,2017,8.1,,
ESTAT:TEPSR_WC170(1.0),12/12/24 23:00:00,Annual,Percentage,Total,From 15 to 74 years,All ISCED 2011 levels,Slovakia,2018,6.5,,
ESTAT:TEPSR_WC170(1.0),12/12/24 23:00:00,Annual,Percentage,Total,From 15 to 74 years,All ISCED 2011 levels,Slovakia,2019,5.8,,
ESTAT:TEPSR_WC170(1.0),12/12/24 23:00:00,Annual,Percentage,Total,From 15 to 74 years,All ISCED 2011 levels,Slovakia,2020,6.7,,
ESTAT:TEPSR_WC170(1.0),12/12/24 23:00:00,Annual,Percentage,Total,From 15 to 74 years,All ISCED 2011 levels,Slovakia,2021,6.8,b,
ESTAT:TEPSR_WC170(1.0),12/12/24 23:00:00,Annual,Percentage,Total,From 15 to 74 years,All ISCED 2011 levels,Slovakia,2022,6.1,,
ESTAT:TEPSR_WC170(1.0),12/12/24 23:00:00,Annual,Percentage,Total,From 15 to 74 years,All ISCED 2011 levels,Slovakia,2023,5.8,,
