DATAFLOW,LAST UPDATE,freq,indic_de,geo,TIME_PERIOD,OBS_VALUE,OBS_FLAG,CONF_STATUS
ESTAT:DEMO_GIND(1.0),09/01/25 23:00:00,Annual,Population on 1 January - total,Austria,1995,7943489,,
ESTAT:DEMO_GIND(1.0),09/01/25 23:00:00,Annual,Population on 1 January - total,Austria,1996,7953067,,
ESTAT:DEMO_GIND(1.0),09/01/25 23:00:00,Annual,Population on 1 January - total,Austria,1997,7964966,,
ESTAT:DEMO_GIND(1.0),09/01/25 23:00:00,Annual,Population on 1 January - total,Austria,1998,7971116,,
ESTAT:DEMO_GIND(1.0),09/01/25 23:00:00,Annual,Population on 1 January - total,Austria,1999,7982461,,
ESTAT:DEMO_GIND(1.0),09/01/25 23:00:00,Annual,Population on 1 January - total,Austria,2000,8002186,,
ESTAT:DEMO_GIND(1.0),09/01/25 23:00:00,Annual,Population on 1 January - total,Austria,2001,8020946,,
ESTAT:DEMO_GIND(1.0),09/01/25 23:00:00,Annual,Population on 1 January - total,Austria,2002,8063640,,
ESTAT:DEMO_GIND(1.0),09/01/25 23:00:00,Annual,Population on 1 January - total,Austria,2003,8100273,,
ESTAT:DEMO_GIND(1.0),09/01/25 23:00:00,Annual,Population on 1 January - total,Austria,2004,8142573,,
ESTAT:DEMO_GIND(1.0),09/01/25 23:00:00,Annual,Population on 1 January - total,Austria,2005,8201359,,
ESTAT:DEMO_GIND(1.0),09/01/25 23:00:00,Annual,Population on 1 January - total,Austria,2006,8254298,,
ESTAT:DEMO_GIND(1.0),09/01/25 23:00:00,Annual,Population on 1 January - total,Austria,2007,8282984,,
ESTAT:DEMO_GIND(1.0),09/01/25 23:00:00,Annual,Population on 1 January - total,Austria,2008,8307989,,
ESTAT:DEMO_GIND(1.0),09/01/25 23:00:00,Annual,Population on 1 January - total,Austria,2009,8335003,,
ESTAT:DEMO_GIND(1.0),09/01/25 23:00:00,Annual,Population on 1 January - total,Austria,2010,8351643,,
ESTAT:DEMO_GIND(1.0),09/01/25 23:00:00,Annual,Population on 1 January - total,Austria,2011,8375164,,
ESTAT:DEMO_GIND(1.0),09/01/25 23:00:00,Annual,Population on 1 January - total,Austria,2012,8408121,,
ESTAT:DEMO_GIND(1.0),09/01/25 23:00:00,Annual,Population on 1 January - total,Austria,2013,8451860,,
ESTAT:DEMO_GIND(1.0),09/01/25 23:00:00,Annual,Population on 1 January - total,Austria,2014,8507786,,
ESTAT:DEMO_GIND(1.0),09/01/25 23:00:00,Annual,Population on 1 January - total,Austria,2015,8584926,,
ESTAT:DEMO_GIND(1.0),09/01/25 23:00:00,Annual,Population on 1 January - total,Austria,2016,8700471,,
ESTAT:DEMO_GIND(1.0),09/01/25 23:00:00,Annual,Population on 1 January - total,Austria,2017,8772865,,
ESTAT:DEMO_GIND(1.0),09/01/25 23:00:00,Annual,Population on 1 January - total,Austria,2018,8822267,,
ESTAT:DEMO_GIND(1.0),09/01/25 23:00:00,Annual,Population on 1 January - total,Austria,2019,8858775,,
ESTAT:DEMO_GIND(1.0),09/01/25 23:00:00,Annual,Population on 1 January - total,Austria,2020,8901064,,
ESTAT:DEMO_GIND(1.0),09/01/25 23:00:00,Annual,Population on 1 January - total,Austria,2021,8932664,,
ESTAT:DEMO_GIND(1.0),09/01/25 23:00:00,Annual,Population on 1 January - total,Austria,2022,8978929,,
ESTAT:DEMO_GIND(1.0),09/01/25 23:00:00,Annual,Population on 1 January - total,Austria,2023,9104772,,
ESTAT:DEMO_GIND(1.0),09/01/25 23:00:00,Annual,Population on 1 January - total,Austria,2024,9158750,,
ESTAT:DEMO_GIND(1.0),09/01/25 23:00:00,Annual,Population on 1 January - total,Belgium,1995,10130574,,
ESTAT:DEMO_GIND(1.0),09/01/25 23:00:00,Annual,Population on 1 January - total,Belgium,1996,10143047,,
ESTAT:DEMO_GIND(1.0),09/01/25 23:00:00,Annual,Population on 1 January - total,Belgium,1997,10170226,,
ESTAT:DEMO_GIND(1.0),09/01/25 23:00:00,Annual,Population on 1 January - total,Belgium,1998,10192264,,
ESTAT:DEMO_GIND(1.0),09/01/25 23:00:00,Annual,Population on 1 January - total,Belgium,1999,10213752,,
ESTAT:DEMO_GIND(1.0),09/01/25 23:00:00,Annual,Population on 1 January - total,Belgium,2000,10239085,,
ESTAT:DEMO_GIND(1.0),09/01/25 23:00:00,Annual,Population on 1 January - total,Belgium,2001,10263414,,
ESTAT:DEMO_GIND(1.0),09/01/25 23:00:00,Annual,Population on 1 January - total,Belgium,2002,10309725,,
ESTAT:DEMO_GIND(1.0),09/01/25 23:00:00,Annual,Population on 1 January - total,Belgium,2003,10355844,,
ESTAT:DEMO_GIND(1.0),09/01/25 23:00:00,Annual,Population on 1 January - total,Belgium,2004,10396421,,
ESTAT:DEMO_GIND(1.0),09/01/25 23:00:00,Annual,Population on 1 January - total,Belgium,2005,10445852,,
ESTAT:DEMO_GIND(1.0),09/01/25 23:00:00,Annual,Population on 1 January - total,Belgium,2006,10511382,,
ESTAT:DEMO_GIND(1.0),09/01/25 23:00:00,Annual,Population on 1 January - total,Belgium,2007,10584534,,
ESTAT:DEMO_GIND(1.0),09/01/25 23:00:00,Annual,Population on 1 January - total,Belgium,2008,10666866,,
ESTAT:DEMO_GIND(1.0),09/01/25 23:00:00,Annual,Population on 1 January - total,Belgium,2009,10753080,,
ESTAT:DEMO_GIND(1.0),09/01/25 23:00:00,Annual,Population on 1 January - total,Belgium,2010,10839905,,
ESTAT:DEMO_GIND(1.0),09/01/25 23:00:00,Annual,Population on 1 January - total,Belgium,2011,11000638,b,
ESTAT:DEMO_GIND(1.0),09/01/25 23:00:00,Annual,Population on 1 January - total,Belgium,2012,11075889,b,
ESTAT:DEMO_GIND(1.0),09/01/25 23:00:00,Annual,Population on 1 January - total,Belgium,2013,11137974,,
ESTAT:DEMO_GIND(1.0),09/01/25 23:00:00,Annual,Population on 1 January - total,Belgium,2014,11180840,,
ESTAT:DEMO_GIND(1.0),09/01/25 23:00:00,Annual,Population on 1 January - total,Belgium,2015,11237274,,
ESTAT:DEMO_GIND(1.0),09/01/25 23:00:00,Annual,Population on 1 January - total,Belgium,2016,11311117,,
ESTAT:DEMO_GIND(1.0),09/01/25 23:00:00,Annual,Population on 1 January - total,Belgium,2017,11351727,,
ESTAT:DEMO_GIND(1.0),09/01/25 23:00:00,Annual,Population on 1 January - total,Belgium,2018,11398589,,
ESTAT:DEMO_GIND(1.0),09/01/25 23:00:00,Annual,Population on 1 January - total,Belgium,2019,11455519,,
ESTAT:DEMO_GIND(1.0),09/01/25 23:00:00,Annual,Population on 1 January - total,Belgium,2020,11522440,,
ESTAT:DEMO_GIND(1.0),09/01/25 23:00:00,Annual,Population on 1 January - total,Belgium,2021,11554767,,
ESTAT:DEMO_GIND(1.0),09/01/25 23:00:00,Annual,Population on 1 January - total,Belgium,2022,11617623,,
ESTAT:DEMO_GIND(1.0),09/01/25 23:00:00,Annual,Population on 1 January - total,Belgium,2023,11742796,,
ESTAT:DEMO_GIND(1.0),09/01/25 23:00:00,Annual,Population on 1 January - total,Belgium,2024,11832049,p,
ESTAT:DEMO_GIND(1.0),09/01/25 23:00:00,Annual,Population on 1 January - total,Bulgaria,1995,8427418,,
ESTAT:DEMO_GIND(1.0),09/01/25 23:00:00,Annual,Population on 1 January - total,Bulgaria,1996,8384715,,
ESTAT:DEMO_GIND(1.0),09/01/25 23:00:00,Annual,Population on 1 January - total,Bulgaria,1997,8340936,,
ESTAT:DEMO_GIND(1.0),09/01/25 23:00:00,Annual,Population on 1 January - total,Bulgaria,1998,8283200,,
ESTAT:DEMO_GIND(1.0),09/01/25 23:00:00,Annual,Population on 1 January - total,Bulgaria,1999,8230371,,
ESTAT:DEMO_GIND(1.0),09/01/25 23:00:00,Annual,Population on 1 January - total,Bulgaria,2000,8190876,,
ESTAT:DEMO_GIND(1.0),09/01/25 23:00:00,Annual,Population on 1 January - total,Bulgaria,2001,8149468,,
ESTAT:DEMO_GIND(1.0),09/01/25 23:00:00,Annual,Population on 1 January - total,Bulgaria,2002,7868815,,
ESTAT:DEMO_GIND(1.0),09/01/25 23:00:00,Annual,Population on 1 January - total,Bulgaria,2003,7805506,,
ESTAT:DEMO_GIND(1.0),09/01/25 23:00:00,Annual,Population on 1 January - total,Bulgaria,2004,7745147,,
ESTAT:DEMO_GIND(1.0),09/01/25 23:00:00,Annual,Population on 1 January - total,Bulgaria,2005,7688573,,
ESTAT:DEMO_GIND(1.0),09/01/25 23:00:00,Annual,Population on 1 January - total,Bulgaria,2006,7629371,,
ESTAT:DEMO_GIND(1.0),09/01/25 23:00:00,Annual,Population on 1 January - total,Bulgaria,2007,7572673,,
ESTAT:DEMO_GIND(1.0),09/01/25 23:00:00,Annual,Population on 1 January - total,Bulgaria,2008,7518002,,
ESTAT:DEMO_GIND(1.0),09/01/25 23:00:00,Annual,Population on 1 January - total,Bulgaria,2009,7467119,,
ESTAT:DEMO_GIND(1.0),09/01/25 23:00:00,Annual,Population on 1 January - total,Bulgaria,2010,7421766,,
ESTAT:DEMO_GIND(1.0),09/01/25 23:00:00,Annual,Population on 1 January - total,Bulgaria,2011,7369431,,
ESTAT:DEMO_GIND(1.0),09/01/25 23:00:00,Annual,Population on 1 January - total,Bulgaria,2012,7327224,,
ESTAT:DEMO_GIND(1.0),09/01/25 23:00:00,Annual,Population on 1 January - total,Bulgaria,2013,7202556,,
ESTAT:DEMO_GIND(1.0),09/01/25 23:00:00,Annual,Population on 1 January - total,Bulgaria,2014,7117453,,
ESTAT:DEMO_GIND(1.0),09/01/25 23:00:00,Annual,Population on 1 January - total,Bulgaria,2015,7029690,,
ESTAT:DEMO_GIND(1.0),09/01/25 23:00:00,Annual,Population on 1 January - total,Bulgaria,2016,6938759,,
ESTAT:DEMO_GIND(1.0),09/01/25 23:00:00,Annual,Population on 1 January - total,Bulgaria,2017,6849518,,
ESTAT:DEMO_GIND(1.0),09/01/25 23:00:00,Annual,Population on 1 January - total,Bulgaria,2018,6757418,,
ESTAT:DEMO_GIND(1.0),09/01/25 23:00:00,Annual,Population on 1 January - total,Bulgaria,2019,6664177,,
ESTAT:DEMO_GIND(1.0),09/01/25 23:00:00,Annual,Population on 1 January - total,Bulgaria,2020,6569275,,
ESTAT:DEMO_GIND(1.0),09/01/25 23:00:00,Annual,Population on 1 January - total,Bulgaria,2021,6532117,,
ESTAT:DEMO_GIND(1.0),09/01/25 23:00:00,Annual,Population on 1 January - total,Bulgaria,2022,6482484,,
ESTAT:DEMO_GIND(1.0),09/01/25 23:00:00,Annual,Population on 1 January - total,Bulgaria,2023,6447710,,
ESTAT:DEMO_GIND(1.0),09/01/25 23:00:00,Annual,Population on 1 January - total,Bulgaria,2024,6445481,,
ESTAT:DEMO_GIND(1.0),09/01/25 23:00:00,Annual,Population on 1 January - total,Cyprus,1995,645399,,
ESTAT:DEMO_GIND(1.0),09/01/25 23:00:00,Annual,Population on 1 January - total,Cyprus,1996,656333,,
ESTAT:DEMO_GIND(1.0),09/01/25 23:00:00,Annual,Population on 1 January - total,Cyprus,1997,666313,,
ESTAT:DEMO_GIND(1.0),09/01/25 23:00:00,Annual,Population on 1 January - total,Cyprus,1998,675215,,
ESTAT:DEMO_GIND(1.0),09/01/25 23:00:00,Annual,Population on 1 January - total,Cyprus,1999,682862,,
ESTAT:DEMO_GIND(1.0),09/01/25 23:00:00,Annual,Population on 1 January - total,Cyprus,2000,690497,,
ESTAT:DEMO_GIND(1.0),09/01/25 23:00:00,Annual,Population on 1 January - total,Cyprus,2001,697549,,
ESTAT:DEMO_GIND(1.0),09/01/25 23:00:00,Annual,Population on 1 January - total,Cyprus,2002,705539,,
ESTAT:DEMO_GIND(1.0),09/01/25 23:00:00,Annual,Population on 1 January - total,Cyprus,2003,713720,,
ESTAT:DEMO_GIND(1.0),09/01/25 23:00:00,Annual,Population on 1 January - total,Cyprus,2004,722893,,
ESTAT:DEMO_GIND(1.0),09/01/25 23:00:00,Annual,Population on 1 January - total,Cyprus,2005,733067,,
ESTAT:DEMO_GIND(1.0),09/01/25 23:00:00,Annual,Population on 1 January - total,Cyprus,2006,744013,,
ESTAT:DEMO_GIND(1.0),09/01/25 23:00:00,Annual,Population on 1 January - total,Cyprus,2007,757916,,
ESTAT:DEMO_GIND(1.0),09/01/25 23:00:00,Annual,Population on 1 January - total,Cyprus,2008,776333,,
ESTAT:DEMO_GIND(1.0),09/01/25 23:00:00,Annual,Population on 1 January - total,Cyprus,2009,796930,,
ESTAT:DEMO_GIND(1.0),09/01/25 23:00:00,Annual,Population on 1 January - total,Cyprus,2010,819140,,
ESTAT:DEMO_GIND(1.0),09/01/25 23:00:00,Annual,Population on 1 January - total,Cyprus,2011,839751,,
ESTAT:DEMO_GIND(1.0),09/01/25 23:00:00,Annual,Population on 1 January - total,Cyprus,2012,862011,,
ESTAT:DEMO_GIND(1.0),09/01/25 23:00:00,Annual,Population on 1 January - total,Cyprus,2013,865878,,
ESTAT:DEMO_GIND(1.0),09/01/25 23:00:00,Annual,Population on 1 January - total,Cyprus,2014,858000,,
ESTAT:DEMO_GIND(1.0),09/01/25 23:00:00,Annual,Population on 1 January - total,Cyprus,2015,847008,,
ESTAT:DEMO_GIND(1.0),09/01/25 23:00:00,Annual,Population on 1 January - total,Cyprus,2016,848319,,
ESTAT:DEMO_GIND(1.0),09/01/25 23:00:00,Annual,Population on 1 January - total,Cyprus,2017,854802,,
ESTAT:DEMO_GIND(1.0),09/01/25 23:00:00,Annual,Population on 1 January - total,Cyprus,2018,864236,,
ESTAT:DEMO_GIND(1.0),09/01/25 23:00:00,Annual,Population on 1 January - total,Cyprus,2019,875899,,
ESTAT:DEMO_GIND(1.0),09/01/25 23:00:00,Annual,Population on 1 January - total,Cyprus,2020,888005,,
ESTAT:DEMO_GIND(1.0),09/01/25 23:00:00,Annual,Population on 1 January - total,Cyprus,2021,896007,,
ESTAT:DEMO_GIND(1.0),09/01/25 23:00:00,Annual,Population on 1 January - total,Cyprus,2022,904705,,
ESTAT:DEMO_GIND(1.0),09/01/25 23:00:00,Annual,Population on 1 January - total,Cyprus,2023,920701,,
ESTAT:DEMO_GIND(1.0),09/01/25 23:00:00,Annual,Population on 1 January - total,Cyprus,2024,933505,p,
ESTAT:DEMO_GIND(1.0),09/01/25 23:00:00,Annual,Population on 1 January - total,Czechia,1995,10333161,,
ESTAT:DEMO_GIND(1.0),09/01/25 23:00:00,Annual,Population on 1 January - total,Czechia,1996,10321344,,
ESTAT:DEMO_GIND(1.0),09/01/25 23:00:00,Annual,Population on 1 January - total,Czechia,1997,10309137,,
ESTAT:DEMO_GIND(1.0),09/01/25 23:00:00,Annual,Population on 1 January - total,Czechia,1998,10299125,,
ESTAT:DEMO_GIND(1.0),09/01/25 23:00:00,Annual,Population on 1 January - total,Czechia,1999,10289621,,
ESTAT:DEMO_GIND(1.0),09/01/25 23:00:00,Annual,Population on 1 January - total,Czechia,2000,10278098,,
ESTAT:DEMO_GIND(1.0),09/01/25 23:00:00,Annual,Population on 1 January - total,Czechia,2001,10232027,,
ESTAT:DEMO_GIND(1.0),09/01/25 23:00:00,Annual,Population on 1 January - total,Czechia,2002,10201182,,
ESTAT:DEMO_GIND(1.0),09/01/25 23:00:00,Annual,Population on 1 January - total,Czechia,2003,10192649,,
ESTAT:DEMO_GIND(1.0),09/01/25 23:00:00,Annual,Population on 1 January - total,Czechia,2004,10195347,,
ESTAT:DEMO_GIND(1.0),09/01/25 23:00:00,Annual,Population on 1 January - total,Czechia,2005,10198855,,
ESTAT:DEMO_GIND(1.0),09/01/25 23:00:00,Annual,Population on 1 January - total,Czechia,2006,10223577,,
ESTAT:DEMO_GIND(1.0),09/01/25 23:00:00,Annual,Population on 1 January - total,Czechia,2007,10254233,,
ESTAT:DEMO_GIND(1.0),09/01/25 23:00:00,Annual,Population on 1 January - total,Czechia,2008,10343422,,
ESTAT:DEMO_GIND(1.0),09/01/25 23:00:00,Annual,Population on 1 January - total,Czechia,2009,10425783,,
ESTAT:DEMO_GIND(1.0),09/01/25 23:00:00,Annual,Population on 1 January - total,Czechia,2010,10462088,,
ESTAT:DEMO_GIND(1.0),09/01/25 23:00:00,Annual,Population on 1 January - total,Czechia,2011,10486731,,
ESTAT:DEMO_GIND(1.0),09/01/25 23:00:00,Annual,Population on 1 January - total,Czechia,2012,10505445,,
ESTAT:DEMO_GIND(1.0),09/01/25 23:00:00,Annual,Population on 1 January - total,Czechia,2013,10516125,,
ESTAT:DEMO_GIND(1.0),09/01/25 23:00:00,Annual,Population on 1 January - total,Czechia,2014,10512419,,
ESTAT:DEMO_GIND(1.0),09/01/25 23:00:00,Annual,Population on 1 January - total,Czechia,2015,10538275,,
ESTAT:DEMO_GIND(1.0),09/01/25 23:00:00,Annual,Population on 1 January - total,Czechia,2016,10553843,,
ESTAT:DEMO_GIND(1.0),09/01/25 23:00:00,Annual,Population on 1 January - total,Czechia,2017,10578820,,
ESTAT:DEMO_GIND(1.0),09/01/25 23:00:00,Annual,Population on 1 January - total,Czechia,2018,10610055,,
ESTAT:DEMO_GIND(1.0),09/01/25 23:00:00,Annual,Population on 1 January - total,Czechia,2019,10649800,,
ESTAT:DEMO_GIND(1.0),09/01/25 23:00:00,Annual,Population on 1 January - total,Czechia,2020,10693939,,
ESTAT:DEMO_GIND(1.0),09/01/25 23:00:00,Annual,Population on 1 January - total,Czechia,2021,10494836,b,
ESTAT:DEMO_GIND(1.0),09/01/25 23:00:00,Annual,Population on 1 January - total,Czechia,2022,10516707,b,
ESTAT:DEMO_GIND(1.0),09/01/25 23:00:00,Annual,Population on 1 January - total,Czechia,2023,10827529,,
ESTAT:DEMO_GIND(1.0),09/01/25 23:00:00,Annual,Population on 1 January - total,Czechia,2024,10900555,,
ESTAT:DEMO_GIND(1.0),09/01/25 23:00:00,Annual,Population on 1 January - total,Germany,1995,81538603,,
ESTAT:DEMO_GIND(1.0),09/01/25 23:00:00,Annual,Population on 1 January - total,Germany,1996,81817499,,
ESTAT:DEMO_GIND(1.0),09/01/25 23:00:00,Annual,Population on 1 January - total,Germany,1997,82012162,,
ESTAT:DEMO_GIND(1.0),09/01/25 23:00:00,Annual,Population on 1 January - total,Germany,1998,82057379,,
ESTAT:DEMO_GIND(1.0),09/01/25 23:00:00,Annual,Population on 1 January - total,Germany,1999,82037011,,
ESTAT:DEMO_GIND(1.0),09/01/25 23:00:00,Annual,Population on 1 January - total,Germany,2000,82163475,,
ESTAT:DEMO_GIND(1.0),09/01/25 23:00:00,Annual,Population on 1 January - total,Germany,2001,82259540,,
ESTAT:DEMO_GIND(1.0),09/01/25 23:00:00,Annual,Population on 1 January - total,Germany,2002,82440309,,
ESTAT:DEMO_GIND(1.0),09/01/25 23:00:00,Annual,Population on 1 January - total,Germany,2003,82536680,,
ESTAT:DEMO_GIND(1.0),09/01/25 23:00:00,Annual,Population on 1 January - total,Germany,2004,82531671,,
ESTAT:DEMO_GIND(1.0),09/01/25 23:00:00,Annual,Population on 1 January - total,Germany,2005,82500849,,
ESTAT:DEMO_GIND(1.0),09/01/25 23:00:00,Annual,Population on 1 January - total,Germany,2006,82437995,,
ESTAT:DEMO_GIND(1.0),09/01/25 23:00:00,Annual,Population on 1 January - total,Germany,2007,82314906,,
ESTAT:DEMO_GIND(1.0),09/01/25 23:00:00,Annual,Population on 1 January - total,Germany,2008,82217837,,
ESTAT:DEMO_GIND(1.0),09/01/25 23:00:00,Annual,Population on 1 January - total,Germany,2009,82002356,,
ESTAT:DEMO_GIND(1.0),09/01/25 23:00:00,Annual,Population on 1 January - total,Germany,2010,81802257,,
ESTAT:DEMO_GIND(1.0),09/01/25 23:00:00,Annual,Population on 1 January - total,Germany,2011,80222065,b,
ESTAT:DEMO_GIND(1.0),09/01/25 23:00:00,Annual,Population on 1 January - total,Germany,2012,80327900,,
ESTAT:DEMO_GIND(1.0),09/01/25 23:00:00,Annual,Population on 1 January - total,Germany,2013,80523746,,
ESTAT:DEMO_GIND(1.0),09/01/25 23:00:00,Annual,Population on 1 January - total,Germany,2014,80767463,,
ESTAT:DEMO_GIND(1.0),09/01/25 23:00:00,Annual,Population on 1 January - total,Germany,2015,81197537,,
ESTAT:DEMO_GIND(1.0),09/01/25 23:00:00,Annual,Population on 1 January - total,Germany,2016,82175684,,
ESTAT:DEMO_GIND(1.0),09/01/25 23:00:00,Annual,Population on 1 January - total,Germany,2017,82521653,,
ESTAT:DEMO_GIND(1.0),09/01/25 23:00:00,Annual,Population on 1 January - total,Germany,2018,82792351,,
ESTAT:DEMO_GIND(1.0),09/01/25 23:00:00,Annual,Population on 1 January - total,Germany,2019,83019213,,
ESTAT:DEMO_GIND(1.0),09/01/25 23:00:00,Annual,Population on 1 January - total,Germany,2020,83166711,,
ESTAT:DEMO_GIND(1.0),09/01/25 23:00:00,Annual,Population on 1 January - total,Germany,2021,83155031,,
ESTAT:DEMO_GIND(1.0),09/01/25 23:00:00,Annual,Population on 1 January - total,Germany,2022,83237124,,
ESTAT:DEMO_GIND(1.0),09/01/25 23:00:00,Annual,Population on 1 January - total,Germany,2023,84358845,,
ESTAT:DEMO_GIND(1.0),09/01/25 23:00:00,Annual,Population on 1 January - total,Germany,2024,83445000,ep,
ESTAT:DEMO_GIND(1.0),09/01/25 23:00:00,Annual,Population on 1 January - total,Denmark,1995,5215718,,
ESTAT:DEMO_GIND(1.0),09/01/25 23:00:00,Annual,Population on 1 January - total,Denmark,1996,5251027,,
ESTAT:DEMO_GIND(1.0),09/01/25 23:00:00,Annual,Population on 1 January - total,Denmark,1997,5275121,,
ESTAT:DEMO_GIND(1.0),09/01/25 23:00:00,Annual,Population on 1 January - total,Denmark,1998,5294860,,
ESTAT:DEMO_GIND(1.0),09/01/25 23:00:00,Annual,Population on 1 January - total,Denmark,1999,5313577,,
ESTAT:DEMO_GIND(1.0),09/01/25 23:00:00,Annual,Population on 1 January - total,Denmark,2000,5330020,,
ESTAT:DEMO_GIND(1.0),09/01/25 23:00:00,Annual,Population on 1 January - total,Denmark,2001,5349212,,
ESTAT:DEMO_GIND(1.0),09/01/25 23:00:00,Annual,Population on 1 January - total,Denmark,2002,5368354,,
ESTAT:DEMO_GIND(1.0),09/01/25 23:00:00,Annual,Population on 1 January - total,Denmark,2003,5383507,,
ESTAT:DEMO_GIND(1.0),09/01/25 23:00:00,Annual,Population on 1 January - total,Denmark,2004,5397640,,
ESTAT:DEMO_GIND(1.0),09/01/25 23:00:00,Annual,Population on 1 January - total,Denmark,2005,5411405,,
ESTAT:DEMO_GIND(1.0),09/01/25 23:00:00,Annual,Population on 1 January - total,Denmark,2006,5427459,,
ESTAT:DEMO_GIND(1.0),09/01/25 23:00:00,Annual,Population on 1 January - total,Denmark,2007,5447084,,
ESTAT:DEMO_GIND(1.0),09/01/25 23:00:00,Annual,Population on 1 January - total,Denmark,2008,5475791,,
ESTAT:DEMO_GIND(1.0),09/01/25 23:00:00,Annual,Population on 1 January - total,Denmark,2009,5511451,,
ESTAT:DEMO_GIND(1.0),09/01/25 23:00:00,Annual,Population on 1 January - total,Denmark,2010,5534738,,
ESTAT:DEMO_GIND(1.0),09/01/25 23:00:00,Annual,Population on 1 January - total,Denmark,2011,5560628,,
ESTAT:DEMO_GIND(1.0),09/01/25 23:00:00,Annual,Population on 1 January - total,Denmark,2012,5580516,,
ESTAT:DEMO_GIND(1.0),09/01/25 23:00:00,Annual,Population on 1 January - total,Denmark,2013,5602628,,
ESTAT:DEMO_GIND(1.0),09/01/25 23:00:00,Annual,Population on 1 January - total,Denmark,2014,5627235,,
ESTAT:DEMO_GIND(1.0),09/01/25 23:00:00,Annual,Population on 1 January - total,Denmark,2015,5659715,,
ESTAT:DEMO_GIND(1.0),09/01/25 23:00:00,Annual,Population on 1 January - total,Denmark,2016,5707251,,
ESTAT:DEMO_GIND(1.0),09/01/25 23:00:00,Annual,Population on 1 January - total,Denmark,2017,5748769,,
ESTAT:DEMO_GIND(1.0),09/01/25 23:00:00,Annual,Population on 1 January - total,Denmark,2018,5781190,,
ESTAT:DEMO_GIND(1.0),09/01/25 23:00:00,Annual,Population on 1 January - total,Denmark,2019,5806081,,
ESTAT:DEMO_GIND(1.0),09/01/25 23:00:00,Annual,Population on 1 January - total,Denmark,2020,5822763,,
ESTAT:DEMO_GIND(1.0),09/01/25 23:00:00,Annual,Population on 1 January - total,Denmark,2021,5840045,,
ESTAT:DEMO_GIND(1.0),09/01/25 23:00:00,Annual,Population on 1 January - total,Denmark,2022,5873420,,
ESTAT:DEMO_GIND(1.0),09/01/25 23:00:00,Annual,Population on 1 January - total,Denmark,2023,5932654,,
ESTAT:DEMO_GIND(1.0),09/01/25 23:00:00,Annual,Population on 1 January - total,Denmark,2024,5961249,,
ESTAT:DEMO_GIND(1.0),09/01/25 23:00:00,Annual,Population on 1 January - total,Estonia,1995,1448075,,
ESTAT:DEMO_GIND(1.0),09/01/25 23:00:00,Annual,Population on 1 January - total,Estonia,1996,1425192,,
ESTAT:DEMO_GIND(1.0),09/01/25 23:00:00,Annual,Population on 1 January - total,Estonia,1997,1405996,,
ESTAT:DEMO_GIND(1.0),09/01/25 23:00:00,Annual,Population on 1 January - total,Estonia,1998,1393074,,
ESTAT:DEMO_GIND(1.0),09/01/25 23:00:00,Annual,Population on 1 January - total,Estonia,1999,1379237,,
ESTAT:DEMO_GIND(1.0),09/01/25 23:00:00,Annual,Population on 1 January - total,Estonia,2000,1401250,,
ESTAT:DEMO_GIND(1.0),09/01/25 23:00:00,Annual,Population on 1 January - total,Estonia,2001,1392720,,
ESTAT:DEMO_GIND(1.0),09/01/25 23:00:00,Annual,Population on 1 January - total,Estonia,2002,1383510,,
ESTAT:DEMO_GIND(1.0),09/01/25 23:00:00,Annual,Population on 1 January - total,Estonia,2003,1375190,,
ESTAT:DEMO_GIND(1.0),09/01/25 23:00:00,Annual,Population on 1 January - total,Estonia,2004,1366250,,
ESTAT:DEMO_GIND(1.0),09/01/25 23:00:00,Annual,Population on 1 January - total,Estonia,2005,1358850,,
ESTAT:DEMO_GIND(1.0),09/01/25 23:00:00,Annual,Population on 1 January - total,Estonia,2006,1350700,,
ESTAT:DEMO_GIND(1.0),09/01/25 23:00:00,Annual,Population on 1 January - total,Estonia,2007,1342920,,
ESTAT:DEMO_GIND(1.0),09/01/25 23:00:00,Annual,Population on 1 January - total,Estonia,2008,1338440,,
ESTAT:DEMO_GIND(1.0),09/01/25 23:00:00,Annual,Population on 1 January - total,Estonia,2009,1335740,,
ESTAT:DEMO_GIND(1.0),09/01/25 23:00:00,Annual,Population on 1 January - total,Estonia,2010,1333290,,
ESTAT:DEMO_GIND(1.0),09/01/25 23:00:00,Annual,Population on 1 January - total,Estonia,2011,1329660,,
ESTAT:DEMO_GIND(1.0),09/01/25 23:00:00,Annual,Population on 1 January - total,Estonia,2012,1325217,,
ESTAT:DEMO_GIND(1.0),09/01/25 23:00:00,Annual,Population on 1 January - total,Estonia,2013,1320174,,
ESTAT:DEMO_GIND(1.0),09/01/25 23:00:00,Annual,Population on 1 January - total,Estonia,2014,1315819,,
ESTAT:DEMO_GIND(1.0),09/01/25 23:00:00,Annual,Population on 1 January - total,Estonia,2015,1314870,b,
ESTAT:DEMO_GIND(1.0),09/01/25 23:00:00,Annual,Population on 1 January - total,Estonia,2016,1315944,,
ESTAT:DEMO_GIND(1.0),09/01/25 23:00:00,Annual,Population on 1 January - total,Estonia,2017,1315635,,
ESTAT:DEMO_GIND(1.0),09/01/25 23:00:00,Annual,Population on 1 January - total,Estonia,2018,1319133,,
ESTAT:DEMO_GIND(1.0),09/01/25 23:00:00,Annual,Population on 1 January - total,Estonia,2019,1324820,,
ESTAT:DEMO_GIND(1.0),09/01/25 23:00:00,Annual,Population on 1 January - total,Estonia,2020,1328976,,
ESTAT:DEMO_GIND(1.0),09/01/25 23:00:00,Annual,Population on 1 January - total,Estonia,2021,1330068,,
ESTAT:DEMO_GIND(1.0),09/01/25 23:00:00,Annual,Population on 1 January - total,Estonia,2022,1331796,,
ESTAT:DEMO_GIND(1.0),09/01/25 23:00:00,Annual,Population on 1 January - total,Estonia,2023,1365884,,
ESTAT:DEMO_GIND(1.0),09/01/25 23:00:00,Annual,Population on 1 January - total,Estonia,2024,1374687,,
ESTAT:DEMO_GIND(1.0),09/01/25 23:00:00,Annual,Population on 1 January - total,Greece,1995,10535973,,
ESTAT:DEMO_GIND(1.0),09/01/25 23:00:00,Annual,Population on 1 January - total,Greece,1996,10588332,,
ESTAT:DEMO_GIND(1.0),09/01/25 23:00:00,Annual,Population on 1 January - total,Greece,1997,10629267,,
ESTAT:DEMO_GIND(1.0),09/01/25 23:00:00,Annual,Population on 1 January - total,Greece,1998,10693250,,
ESTAT:DEMO_GIND(1.0),09/01/25 23:00:00,Annual,Population on 1 January - total,Greece,1999,10747768,,
ESTAT:DEMO_GIND(1.0),09/01/25 23:00:00,Annual,Population on 1 January - total,Greece,2000,10775627,,
ESTAT:DEMO_GIND(1.0),09/01/25 23:00:00,Annual,Population on 1 January - total,Greece,2001,10835989,,
ESTAT:DEMO_GIND(1.0),09/01/25 23:00:00,Annual,Population on 1 January - total,Greece,2002,10888274,,
ESTAT:DEMO_GIND(1.0),09/01/25 23:00:00,Annual,Population on 1 January - total,Greece,2003,10915770,,
ESTAT:DEMO_GIND(1.0),09/01/25 23:00:00,Annual,Population on 1 January - total,Greece,2004,10940369,,
ESTAT:DEMO_GIND(1.0),09/01/25 23:00:00,Annual,Population on 1 January - total,Greece,2005,10969912,,
ESTAT:DEMO_GIND(1.0),09/01/25 23:00:00,Annual,Population on 1 January - total,Greece,2006,11004716,,
ESTAT:DEMO_GIND(1.0),09/01/25 23:00:00,Annual,Population on 1 January - total,Greece,2007,11036008,,
ESTAT:DEMO_GIND(1.0),09/01/25 23:00:00,Annual,Population on 1 January - total,Greece,2008,11060937,,
ESTAT:DEMO_GIND(1.0),09/01/25 23:00:00,Annual,Population on 1 January - total,Greece,2009,11094745,,
ESTAT:DEMO_GIND(1.0),09/01/25 23:00:00,Annual,Population on 1 January - total,Greece,2010,11119289,,
ESTAT:DEMO_GIND(1.0),09/01/25 23:00:00,Annual,Population on 1 January - total,Greece,2011,11123392,,
ESTAT:DEMO_GIND(1.0),09/01/25 23:00:00,Annual,Population on 1 January - total,Greece,2012,11086406,,
ESTAT:DEMO_GIND(1.0),09/01/25 23:00:00,Annual,Population on 1 January - total,Greece,2013,11003615,,
ESTAT:DEMO_GIND(1.0),09/01/25 23:00:00,Annual,Population on 1 January - total,Greece,2014,10926807,,
ESTAT:DEMO_GIND(1.0),09/01/25 23:00:00,Annual,Population on 1 January - total,Greece,2015,10858018,,
ESTAT:DEMO_GIND(1.0),09/01/25 23:00:00,Annual,Population on 1 January - total,Greece,2016,10783748,,
ESTAT:DEMO_GIND(1.0),09/01/25 23:00:00,Annual,Population on 1 January - total,Greece,2017,10768193,,
ESTAT:DEMO_GIND(1.0),09/01/25 23:00:00,Annual,Population on 1 January - total,Greece,2018,10741165,,
ESTAT:DEMO_GIND(1.0),09/01/25 23:00:00,Annual,Population on 1 January - total,Greece,2019,10724599,,
ESTAT:DEMO_GIND(1.0),09/01/25 23:00:00,Annual,Population on 1 January - total,Greece,2020,10718565,,
ESTAT:DEMO_GIND(1.0),09/01/25 23:00:00,Annual,Population on 1 January - total,Greece,2021,10678632,,
ESTAT:DEMO_GIND(1.0),09/01/25 23:00:00,Annual,Population on 1 January - total,Greece,2022,10459782,b,
ESTAT:DEMO_GIND(1.0),09/01/25 23:00:00,Annual,Population on 1 January - total,Greece,2023,10413982,,
ESTAT:DEMO_GIND(1.0),09/01/25 23:00:00,Annual,Population on 1 January - total,Greece,2024,10397193,ep,
ESTAT:DEMO_GIND(1.0),09/01/25 23:00:00,Annual,Population on 1 January - total,Spain,1995,39639726,,
ESTAT:DEMO_GIND(1.0),09/01/25 23:00:00,Annual,Population on 1 January - total,Spain,1996,39808374,,
ESTAT:DEMO_GIND(1.0),09/01/25 23:00:00,Annual,Population on 1 January - total,Spain,1997,39971329,,
ESTAT:DEMO_GIND(1.0),09/01/25 23:00:00,Annual,Population on 1 January - total,Spain,1998,40143449,,
ESTAT:DEMO_GIND(1.0),09/01/25 23:00:00,Annual,Population on 1 January - total,Spain,1999,40303568,,
ESTAT:DEMO_GIND(1.0),09/01/25 23:00:00,Annual,Population on 1 January - total,Spain,2000,40470182,,
ESTAT:DEMO_GIND(1.0),09/01/25 23:00:00,Annual,Population on 1 January - total,Spain,2001,40665545,,
ESTAT:DEMO_GIND(1.0),09/01/25 23:00:00,Annual,Population on 1 January - total,Spain,2002,41035278,,
ESTAT:DEMO_GIND(1.0),09/01/25 23:00:00,Annual,Population on 1 January - total,Spain,2003,41827838,,
ESTAT:DEMO_GIND(1.0),09/01/25 23:00:00,Annual,Population on 1 January - total,Spain,2004,42547451,,
ESTAT:DEMO_GIND(1.0),09/01/25 23:00:00,Annual,Population on 1 January - total,Spain,2005,43296338,,
ESTAT:DEMO_GIND(1.0),09/01/25 23:00:00,Annual,Population on 1 January - total,Spain,2006,44009971,,
ESTAT:DEMO_GIND(1.0),09/01/25 23:00:00,Annual,Population on 1 January - total,Spain,2007,44784666,,
ESTAT:DEMO_GIND(1.0),09/01/25 23:00:00,Annual,Population on 1 January - total,Spain,2008,45668939,,
ESTAT:DEMO_GIND(1.0),09/01/25 23:00:00,Annual,Population on 1 January - total,Spain,2009,46239273,,
ESTAT:DEMO_GIND(1.0),09/01/25 23:00:00,Annual,Population on 1 January - total,Spain,2010,46486619,,
ESTAT:DEMO_GIND(1.0),09/01/25 23:00:00,Annual,Population on 1 January - total,Spain,2011,46667174,,
ESTAT:DEMO_GIND(1.0),09/01/25 23:00:00,Annual,Population on 1 January - total,Spain,2012,46818219,,
ESTAT:DEMO_GIND(1.0),09/01/25 23:00:00,Annual,Population on 1 January - total,Spain,2013,46712650,,
ESTAT:DEMO_GIND(1.0),09/01/25 23:00:00,Annual,Population on 1 January - total,Spain,2014,46495744,,
ESTAT:DEMO_GIND(1.0),09/01/25 23:00:00,Annual,Population on 1 January - total,Spain,2015,46425722,,
ESTAT:DEMO_GIND(1.0),09/01/25 23:00:00,Annual,Population on 1 January - total,Spain,2016,46418884,,
ESTAT:DEMO_GIND(1.0),09/01/25 23:00:00,Annual,Population on 1 January - total,Spain,2017,46497393,,
ESTAT:DEMO_GIND(1.0),09/01/25 23:00:00,Annual,Population on 1 January - total,Spain,2018,46645070,,
ESTAT:DEMO_GIND(1.0),09/01/25 23:00:00,Annual,Population on 1 January - total,Spain,2019,46918951,,
ESTAT:DEMO_GIND(1.0),09/01/25 23:00:00,Annual,Population on 1 January - total,Spain,2020,47318050,,
ESTAT:DEMO_GIND(1.0),09/01/25 23:00:00,Annual,Population on 1 January - total,Spain,2021,47400798,,
ESTAT:DEMO_GIND(1.0),09/01/25 23:00:00,Annual,Population on 1 January - total,Spain,2022,47486843,,
ESTAT:DEMO_GIND(1.0),09/01/25 23:00:00,Annual,Population on 1 January - total,Spain,2023,48085361,,
ESTAT:DEMO_GIND(1.0),09/01/25 23:00:00,Annual,Population on 1 January - total,Spain,2024,48610458,p,
ESTAT:DEMO_GIND(1.0),09/01/25 23:00:00,Annual,Population on 1 January - total,Finland,1995,5098754,,
ESTAT:DEMO_GIND(1.0),09/01/25 23:00:00,Annual,Population on 1 January - total,Finland,1996,5116826,,
ESTAT:DEMO_GIND(1.0),09/01/25 23:00:00,Annual,Population on 1 January - total,Finland,1997,5132320,,
ESTAT:DEMO_GIND(1.0),09/01/25 23:00:00,Annual,Population on 1 January - total,Finland,1998,5147349,,
ESTAT:DEMO_GIND(1.0),09/01/25 23:00:00,Annual,Population on 1 January - total,Finland,1999,5159646,,
ESTAT:DEMO_GIND(1.0),09/01/25 23:00:00,Annual,Population on 1 January - total,Finland,2000,5171302,,
ESTAT:DEMO_GIND(1.0),09/01/25 23:00:00,Annual,Population on 1 January - total,Finland,2001,5181115,,
ESTAT:DEMO_GIND(1.0),09/01/25 23:00:00,Annual,Population on 1 January - total,Finland,2002,5194901,,
ESTAT:DEMO_GIND(1.0),09/01/25 23:00:00,Annual,Population on 1 January - total,Finland,2003,5206295,,
ESTAT:DEMO_GIND(1.0),09/01/25 23:00:00,Annual,Population on 1 January - total,Finland,2004,5219732,,
ESTAT:DEMO_GIND(1.0),09/01/25 23:00:00,Annual,Population on 1 January - total,Finland,2005,5236611,,
ESTAT:DEMO_GIND(1.0),09/01/25 23:00:00,Annual,Population on 1 January - total,Finland,2006,5255580,,
ESTAT:DEMO_GIND(1.0),09/01/25 23:00:00,Annual,Population on 1 January - total,Finland,2007,5276955,,
ESTAT:DEMO_GIND(1.0),09/01/25 23:00:00,Annual,Population on 1 January - total,Finland,2008,5300484,,
ESTAT:DEMO_GIND(1.0),09/01/25 23:00:00,Annual,Population on 1 January - total,Finland,2009,5326314,,
ESTAT:DEMO_GIND(1.0),09/01/25 23:00:00,Annual,Population on 1 January - total,Finland,2010,5351427,,
ESTAT:DEMO_GIND(1.0),09/01/25 23:00:00,Annual,Population on 1 January - total,Finland,2011,5375276,,
ESTAT:DEMO_GIND(1.0),09/01/25 23:00:00,Annual,Population on 1 January - total,Finland,2012,5401267,,
ESTAT:DEMO_GIND(1.0),09/01/25 23:00:00,Annual,Population on 1 January - total,Finland,2013,5426674,,
ESTAT:DEMO_GIND(1.0),09/01/25 23:00:00,Annual,Population on 1 January - total,Finland,2014,5451270,,
ESTAT:DEMO_GIND(1.0),09/01/25 23:00:00,Annual,Population on 1 January - total,Finland,2015,5471753,,
ESTAT:DEMO_GIND(1.0),09/01/25 23:00:00,Annual,Population on 1 January - total,Finland,2016,5487308,,
ESTAT:DEMO_GIND(1.0),09/01/25 23:00:00,Annual,Population on 1 January - total,Finland,2017,5503297,,
ESTAT:DEMO_GIND(1.0),09/01/25 23:00:00,Annual,Population on 1 January - total,Finland,2018,5513130,,
ESTAT:DEMO_GIND(1.0),09/01/25 23:00:00,Annual,Population on 1 January - total,Finland,2019,5517919,,
ESTAT:DEMO_GIND(1.0),09/01/25 23:00:00,Annual,Population on 1 January - total,Finland,2020,5525292,,
ESTAT:DEMO_GIND(1.0),09/01/25 23:00:00,Annual,Population on 1 January - total,Finland,2021,5533793,,
ESTAT:DEMO_GIND(1.0),09/01/25 23:00:00,Annual,Population on 1 January - total,Finland,2022,5548241,,
ESTAT:DEMO_GIND(1.0),09/01/25 23:00:00,Annual,Population on 1 January - total,Finland,2023,5563970,,
ESTAT:DEMO_GIND(1.0),09/01/25 23:00:00,Annual,Population on 1 January - total,Finland,2024,5603851,,
ESTAT:DEMO_GIND(1.0),09/01/25 23:00:00,Annual,Population on 1 January - total,France,1995,59315139,,
ESTAT:DEMO_GIND(1.0),09/01/25 23:00:00,Annual,Population on 1 January - total,France,1996,59522297,,
ESTAT:DEMO_GIND(1.0),09/01/25 23:00:00,Annual,Population on 1 January - total,France,1997,59726386,,
ESTAT:DEMO_GIND(1.0),09/01/25 23:00:00,Annual,Population on 1 January - total,France,1998,59934884,,
ESTAT:DEMO_GIND(1.0),09/01/25 23:00:00,Annual,Population on 1 January - total,France,1999,60158533,,
ESTAT:DEMO_GIND(1.0),09/01/25 23:00:00,Annual,Population on 1 January - total,France,2000,60545022,,
ESTAT:DEMO_GIND(1.0),09/01/25 23:00:00,Annual,Population on 1 January - total,France,2001,60979315,,
ESTAT:DEMO_GIND(1.0),09/01/25 23:00:00,Annual,Population on 1 January - total,France,2002,61424036,,
ESTAT:DEMO_GIND(1.0),09/01/25 23:00:00,Annual,Population on 1 January - total,France,2003,61864088,,
ESTAT:DEMO_GIND(1.0),09/01/25 23:00:00,Annual,Population on 1 January - total,France,2004,62292241,,
ESTAT:DEMO_GIND(1.0),09/01/25 23:00:00,Annual,Population on 1 January - total,France,2005,62772870,,
ESTAT:DEMO_GIND(1.0),09/01/25 23:00:00,Annual,Population on 1 January - total,France,2006,63229635,,
ESTAT:DEMO_GIND(1.0),09/01/25 23:00:00,Annual,Population on 1 January - total,France,2007,63645065,,
ESTAT:DEMO_GIND(1.0),09/01/25 23:00:00,Annual,Population on 1 January - total,France,2008,64007193,,
ESTAT:DEMO_GIND(1.0),09/01/25 23:00:00,Annual,Population on 1 January - total,France,2009,64350226,,
ESTAT:DEMO_GIND(1.0),09/01/25 23:00:00,Annual,Population on 1 January - total,France,2010,64658856,,
ESTAT:DEMO_GIND(1.0),09/01/25 23:00:00,Annual,Population on 1 January - total,France,2011,64978721,,
ESTAT:DEMO_GIND(1.0),09/01/25 23:00:00,Annual,Population on 1 January - total,France,2012,65276983,,
ESTAT:DEMO_GIND(1.0),09/01/25 23:00:00,Annual,Population on 1 January - total,France,2013,65600350,,
ESTAT:DEMO_GIND(1.0),09/01/25 23:00:00,Annual,Population on 1 January - total,France,2014,66165980,b,
ESTAT:DEMO_GIND(1.0),09/01/25 23:00:00,Annual,Population on 1 January - total,France,2015,66458153,,
ESTAT:DEMO_GIND(1.0),09/01/25 23:00:00,Annual,Population on 1 January - total,France,2016,66638391,,
ESTAT:DEMO_GIND(1.0),09/01/25 23:00:00,Annual,Population on 1 January - total,France,2017,66809816,,
ESTAT:DEMO_GIND(1.0),09/01/25 23:00:00,Annual,Population on 1 January - total,France,2018,67026224,,
ESTAT:DEMO_GIND(1.0),09/01/25 23:00:00,Annual,Population on 1 January - total,France,2019,67290471,,
ESTAT:DEMO_GIND(1.0),09/01/25 23:00:00,Annual,Population on 1 January - total,France,2020,67473651,,
ESTAT:DEMO_GIND(1.0),09/01/25 23:00:00,Annual,Population on 1 January - total,France,2021,67728568,,
ESTAT:DEMO_GIND(1.0),09/01/25 23:00:00,Annual,Population on 1 January - total,France,2022,67957053,p,
ESTAT:DEMO_GIND(1.0),09/01/25 23:00:00,Annual,Population on 1 January - total,France,2023,68172977,p,
ESTAT:DEMO_GIND(1.0),09/01/25 23:00:00,Annual,Population on 1 January - total,France,2024,68401997,p,
ESTAT:DEMO_GIND(1.0),09/01/25 23:00:00,Annual,Population on 1 January - total,Croatia,1995,4658893,e,
ESTAT:DEMO_GIND(1.0),09/01/25 23:00:00,Annual,Population on 1 January - total,Croatia,1996,4581167,e,
ESTAT:DEMO_GIND(1.0),09/01/25 23:00:00,Annual,Population on 1 January - total,Croatia,1997,4533028,e,
ESTAT:DEMO_GIND(1.0),09/01/25 23:00:00,Annual,Population on 1 January - total,Croatia,1998,4536812,e,
ESTAT:DEMO_GIND(1.0),09/01/25 23:00:00,Annual,Population on 1 January - total,Croatia,1999,4527460,e,
ESTAT:DEMO_GIND(1.0),09/01/25 23:00:00,Annual,Population on 1 January - total,Croatia,2000,4497735,e,
ESTAT:DEMO_GIND(1.0),09/01/25 23:00:00,Annual,Population on 1 January - total,Croatia,2001,4295406,b,
ESTAT:DEMO_GIND(1.0),09/01/25 23:00:00,Annual,Population on 1 January - total,Croatia,2002,4305494,,
ESTAT:DEMO_GIND(1.0),09/01/25 23:00:00,Annual,Population on 1 January - total,Croatia,2003,4305384,,
ESTAT:DEMO_GIND(1.0),09/01/25 23:00:00,Annual,Population on 1 January - total,Croatia,2004,4305725,,
ESTAT:DEMO_GIND(1.0),09/01/25 23:00:00,Annual,Population on 1 January - total,Croatia,2005,4310861,,
ESTAT:DEMO_GIND(1.0),09/01/25 23:00:00,Annual,Population on 1 January - total,Croatia,2006,4312487,,
ESTAT:DEMO_GIND(1.0),09/01/25 23:00:00,Annual,Population on 1 January - total,Croatia,2007,4313530,,
ESTAT:DEMO_GIND(1.0),09/01/25 23:00:00,Annual,Population on 1 January - total,Croatia,2008,4311967,,
ESTAT:DEMO_GIND(1.0),09/01/25 23:00:00,Annual,Population on 1 January - total,Croatia,2009,4309796,,
ESTAT:DEMO_GIND(1.0),09/01/25 23:00:00,Annual,Population on 1 January - total,Croatia,2010,4302847,,
ESTAT:DEMO_GIND(1.0),09/01/25 23:00:00,Annual,Population on 1 January - total,Croatia,2011,4289857,,
ESTAT:DEMO_GIND(1.0),09/01/25 23:00:00,Annual,Population on 1 January - total,Croatia,2012,4275984,,
ESTAT:DEMO_GIND(1.0),09/01/25 23:00:00,Annual,Population on 1 January - total,Croatia,2013,4247803,,
ESTAT:DEMO_GIND(1.0),09/01/25 23:00:00,Annual,Population on 1 January - total,Croatia,2014,4217632,,
ESTAT:DEMO_GIND(1.0),09/01/25 23:00:00,Annual,Population on 1 January - total,Croatia,2015,4180915,,
ESTAT:DEMO_GIND(1.0),09/01/25 23:00:00,Annual,Population on 1 January - total,Croatia,2016,4131115,,
ESTAT:DEMO_GIND(1.0),09/01/25 23:00:00,Annual,Population on 1 January - total,Croatia,2017,4078769,,
ESTAT:DEMO_GIND(1.0),09/01/25 23:00:00,Annual,Population on 1 January - total,Croatia,2018,4014341,,
ESTAT:DEMO_GIND(1.0),09/01/25 23:00:00,Annual,Population on 1 January - total,Croatia,2019,3968676,,
ESTAT:DEMO_GIND(1.0),09/01/25 23:00:00,Annual,Population on 1 January - total,Croatia,2020,3933511,,
ESTAT:DEMO_GIND(1.0),09/01/25 23:00:00,Annual,Population on 1 January - total,Croatia,2021,3893026,,
ESTAT:DEMO_GIND(1.0),09/01/25 23:00:00,Annual,Population on 1 January - total,Croatia,2022,3862305,,
ESTAT:DEMO_GIND(1.0),09/01/25 23:00:00,Annual,Population on 1 January - total,Croatia,2023,3850894,,
ESTAT:DEMO_GIND(1.0),09/01/25 23:00:00,Annual,Population on 1 January - total,Croatia,2024,3861967,,
ESTAT:DEMO_GIND(1.0),09/01/25 23:00:00,Annual,Population on 1 January - total,Hungary,1995,10336700,,
ESTAT:DEMO_GIND(1.0),09/01/25 23:00:00,Annual,Population on 1 January - total,Hungary,1996,10321229,,
ESTAT:DEMO_GIND(1.0),09/01/25 23:00:00,Annual,Population on 1 January - total,Hungary,1997,10301247,,
ESTAT:DEMO_GIND(1.0),09/01/25 23:00:00,Annual,Population on 1 January - total,Hungary,1998,10279724,,
ESTAT:DEMO_GIND(1.0),09/01/25 23:00:00,Annual,Population on 1 January - total,Hungary,1999,10253416,,
ESTAT:DEMO_GIND(1.0),09/01/25 23:00:00,Annual,Population on 1 January - total,Hungary,2000,10221644,,
ESTAT:DEMO_GIND(1.0),09/01/25 23:00:00,Annual,Population on 1 January - total,Hungary,2001,10200298,,
ESTAT:DEMO_GIND(1.0),09/01/25 23:00:00,Annual,Population on 1 January - total,Hungary,2002,10174853,,
ESTAT:DEMO_GIND(1.0),09/01/25 23:00:00,Annual,Population on 1 January - total,Hungary,2003,10142362,,
ESTAT:DEMO_GIND(1.0),09/01/25 23:00:00,Annual,Population on 1 January - total,Hungary,2004,10116742,,
ESTAT:DEMO_GIND(1.0),09/01/25 23:00:00,Annual,Population on 1 January - total,Hungary,2005,10097549,,
ESTAT:DEMO_GIND(1.0),09/01/25 23:00:00,Annual,Population on 1 January - total,Hungary,2006,10076581,,
ESTAT:DEMO_GIND(1.0),09/01/25 23:00:00,Annual,Population on 1 January - total,Hungary,2007,10066158,,
ESTAT:DEMO_GIND(1.0),09/01/25 23:00:00,Annual,Population on 1 January - total,Hungary,2008,10045401,,
ESTAT:DEMO_GIND(1.0),09/01/25 23:00:00,Annual,Population on 1 January - total,Hungary,2009,10030975,,
ESTAT:DEMO_GIND(1.0),09/01/25 23:00:00,Annual,Population on 1 January - total,Hungary,2010,10014324,,
ESTAT:DEMO_GIND(1.0),09/01/25 23:00:00,Annual,Population on 1 January - total,Hungary,2011,9985722,,
ESTAT:DEMO_GIND(1.0),09/01/25 23:00:00,Annual,Population on 1 January - total,Hungary,2012,9931925,b,
ESTAT:DEMO_GIND(1.0),09/01/25 23:00:00,Annual,Population on 1 January - total,Hungary,2013,9895250,,
ESTAT:DEMO_GIND(1.0),09/01/25 23:00:00,Annual,Population on 1 January - total,Hungary,2014,9850217,,
ESTAT:DEMO_GIND(1.0),09/01/25 23:00:00,Annual,Population on 1 January - total,Hungary,2015,9815858,,
ESTAT:DEMO_GIND(1.0),09/01/25 23:00:00,Annual,Population on 1 January - total,Hungary,2016,9779652,,
ESTAT:DEMO_GIND(1.0),09/01/25 23:00:00,Annual,Population on 1 January - total,Hungary,2017,9739857,,
ESTAT:DEMO_GIND(1.0),09/01/25 23:00:00,Annual,Population on 1 January - total,Hungary,2018,9713655,,
ESTAT:DEMO_GIND(1.0),09/01/25 23:00:00,Annual,Population on 1 January - total,Hungary,2019,9700272,,
ESTAT:DEMO_GIND(1.0),09/01/25 23:00:00,Annual,Population on 1 January - total,Hungary,2020,9689376,,
ESTAT:DEMO_GIND(1.0),09/01/25 23:00:00,Annual,Population on 1 January - total,Hungary,2021,9651461,,
ESTAT:DEMO_GIND(1.0),09/01/25 23:00:00,Annual,Population on 1 January - total,Hungary,2022,9610403,,
ESTAT:DEMO_GIND(1.0),09/01/25 23:00:00,Annual,Population on 1 January - total,Hungary,2023,9599744,,
ESTAT:DEMO_GIND(1.0),09/01/25 23:00:00,Annual,Population on 1 January - total,Hungary,2024,9584627,,
ESTAT:DEMO_GIND(1.0),09/01/25 23:00:00,Annual,Population on 1 January - total,Ireland,1995,3597617,,
ESTAT:DEMO_GIND(1.0),09/01/25 23:00:00,Annual,Population on 1 January - total,Ireland,1996,3620065,,
ESTAT:DEMO_GIND(1.0),09/01/25 23:00:00,Annual,Population on 1 January - total,Ireland,1997,3654955,,
ESTAT:DEMO_GIND(1.0),09/01/25 23:00:00,Annual,Population on 1 January - total,Ireland,1998,3693386,,
ESTAT:DEMO_GIND(1.0),09/01/25 23:00:00,Annual,Population on 1 January - total,Ireland,1999,3732006,,
ESTAT:DEMO_GIND(1.0),09/01/25 23:00:00,Annual,Population on 1 January - total,Ireland,2000,3777565,,
ESTAT:DEMO_GIND(1.0),09/01/25 23:00:00,Annual,Population on 1 January - total,Ireland,2001,3832783,,
ESTAT:DEMO_GIND(1.0),09/01/25 23:00:00,Annual,Population on 1 January - total,Ireland,2002,3899702,,
ESTAT:DEMO_GIND(1.0),09/01/25 23:00:00,Annual,Population on 1 January - total,Ireland,2003,3964191,,
ESTAT:DEMO_GIND(1.0),09/01/25 23:00:00,Annual,Population on 1 January - total,Ireland,2004,4028851,,
ESTAT:DEMO_GIND(1.0),09/01/25 23:00:00,Annual,Population on 1 January - total,Ireland,2005,4111672,,
ESTAT:DEMO_GIND(1.0),09/01/25 23:00:00,Annual,Population on 1 January - total,Ireland,2006,4208156,,
ESTAT:DEMO_GIND(1.0),09/01/25 23:00:00,Annual,Population on 1 January - total,Ireland,2007,4340118,,
ESTAT:DEMO_GIND(1.0),09/01/25 23:00:00,Annual,Population on 1 January - total,Ireland,2008,4457765,,
ESTAT:DEMO_GIND(1.0),09/01/25 23:00:00,Annual,Population on 1 January - total,Ireland,2009,4521322,,
ESTAT:DEMO_GIND(1.0),09/01/25 23:00:00,Annual,Population on 1 January - total,Ireland,2010,4549428,,
ESTAT:DEMO_GIND(1.0),09/01/25 23:00:00,Annual,Population on 1 January - total,Ireland,2011,4570881,,
ESTAT:DEMO_GIND(1.0),09/01/25 23:00:00,Annual,Population on 1 January - total,Ireland,2012,4589287,,
ESTAT:DEMO_GIND(1.0),09/01/25 23:00:00,Annual,Population on 1 January - total,Ireland,2013,4609779,,
ESTAT:DEMO_GIND(1.0),09/01/25 23:00:00,Annual,Population on 1 January - total,Ireland,2014,4637852,,
ESTAT:DEMO_GIND(1.0),09/01/25 23:00:00,Annual,Population on 1 January - total,Ireland,2015,4677627,,
ESTAT:DEMO_GIND(1.0),09/01/25 23:00:00,Annual,Population on 1 January - total,Ireland,2016,4726286,,
ESTAT:DEMO_GIND(1.0),09/01/25 23:00:00,Annual,Population on 1 January - total,Ireland,2017,4799157,,
ESTAT:DEMO_GIND(1.0),09/01/25 23:00:00,Annual,Population on 1 January - total,Ireland,2018,4855733,,
ESTAT:DEMO_GIND(1.0),09/01/25 23:00:00,Annual,Population on 1 January - total,Ireland,2019,4940311,,
ESTAT:DEMO_GIND(1.0),09/01/25 23:00:00,Annual,Population on 1 January - total,Ireland,2020,5012600,,
ESTAT:DEMO_GIND(1.0),09/01/25 23:00:00,Annual,Population on 1 January - total,Ireland,2021,5066893,,
ESTAT:DEMO_GIND(1.0),09/01/25 23:00:00,Annual,Population on 1 January - total,Ireland,2022,5154277,,
ESTAT:DEMO_GIND(1.0),09/01/25 23:00:00,Annual,Population on 1 January - total,Ireland,2023,5271395,,
ESTAT:DEMO_GIND(1.0),09/01/25 23:00:00,Annual,Population on 1 January - total,Ireland,2024,5343805,,
ESTAT:DEMO_GIND(1.0),09/01/25 23:00:00,Annual,Population on 1 January - total,Italy,1995,56844408,,
ESTAT:DEMO_GIND(1.0),09/01/25 23:00:00,Annual,Population on 1 January - total,Italy,1996,56844197,,
ESTAT:DEMO_GIND(1.0),09/01/25 23:00:00,Annual,Population on 1 January - total,Italy,1997,56876364,,
ESTAT:DEMO_GIND(1.0),09/01/25 23:00:00,Annual,Population on 1 January - total,Italy,1998,56904379,,
ESTAT:DEMO_GIND(1.0),09/01/25 23:00:00,Annual,Population on 1 January - total,Italy,1999,56909109,,
ESTAT:DEMO_GIND(1.0),09/01/25 23:00:00,Annual,Population on 1 January - total,Italy,2000,56923524,,
ESTAT:DEMO_GIND(1.0),09/01/25 23:00:00,Annual,Population on 1 January - total,Italy,2001,56960692,,
ESTAT:DEMO_GIND(1.0),09/01/25 23:00:00,Annual,Population on 1 January - total,Italy,2002,56993270,,
ESTAT:DEMO_GIND(1.0),09/01/25 23:00:00,Annual,Population on 1 January - total,Italy,2003,57186378,,
ESTAT:DEMO_GIND(1.0),09/01/25 23:00:00,Annual,Population on 1 January - total,Italy,2004,57611990,,
ESTAT:DEMO_GIND(1.0),09/01/25 23:00:00,Annual,Population on 1 January - total,Italy,2005,58044368,,
ESTAT:DEMO_GIND(1.0),09/01/25 23:00:00,Annual,Population on 1 January - total,Italy,2006,58288996,,
ESTAT:DEMO_GIND(1.0),09/01/25 23:00:00,Annual,Population on 1 January - total,Italy,2007,58510725,,
ESTAT:DEMO_GIND(1.0),09/01/25 23:00:00,Annual,Population on 1 January - total,Italy,2008,59001769,,
ESTAT:DEMO_GIND(1.0),09/01/25 23:00:00,Annual,Population on 1 January - total,Italy,2009,59420592,,
ESTAT:DEMO_GIND(1.0),09/01/25 23:00:00,Annual,Population on 1 January - total,Italy,2010,59690316,,
ESTAT:DEMO_GIND(1.0),09/01/25 23:00:00,Annual,Population on 1 January - total,Italy,2011,59948497,,
ESTAT:DEMO_GIND(1.0),09/01/25 23:00:00,Annual,Population on 1 January - total,Italy,2012,60105185,,
ESTAT:DEMO_GIND(1.0),09/01/25 23:00:00,Annual,Population on 1 January - total,Italy,2013,60277309,,
ESTAT:DEMO_GIND(1.0),09/01/25 23:00:00,Annual,Population on 1 January - total,Italy,2014,60345917,,
ESTAT:DEMO_GIND(1.0),09/01/25 23:00:00,Annual,Population on 1 January - total,Italy,2015,60295497,,
ESTAT:DEMO_GIND(1.0),09/01/25 23:00:00,Annual,Population on 1 January - total,Italy,2016,60163712,,
ESTAT:DEMO_GIND(1.0),09/01/25 23:00:00,Annual,Population on 1 January - total,Italy,2017,60066734,,
ESTAT:DEMO_GIND(1.0),09/01/25 23:00:00,Annual,Population on 1 January - total,Italy,2018,59937769,,
ESTAT:DEMO_GIND(1.0),09/01/25 23:00:00,Annual,Population on 1 January - total,Italy,2019,59816673,b,
ESTAT:DEMO_GIND(1.0),09/01/25 23:00:00,Annual,Population on 1 January - total,Italy,2020,59641488,,
ESTAT:DEMO_GIND(1.0),09/01/25 23:00:00,Annual,Population on 1 January - total,Italy,2021,59236213,,
ESTAT:DEMO_GIND(1.0),09/01/25 23:00:00,Annual,Population on 1 January - total,Italy,2022,59030133,,
ESTAT:DEMO_GIND(1.0),09/01/25 23:00:00,Annual,Population on 1 January - total,Italy,2023,58997201,,
ESTAT:DEMO_GIND(1.0),09/01/25 23:00:00,Annual,Population on 1 January - total,Italy,2024,58989749,p,
ESTAT:DEMO_GIND(1.0),09/01/25 23:00:00,Annual,Population on 1 January - total,Lithuania,1995,3642991,,
ESTAT:DEMO_GIND(1.0),09/01/25 23:00:00,Annual,Population on 1 January - total,Lithuania,1996,3615212,,
ESTAT:DEMO_GIND(1.0),09/01/25 23:00:00,Annual,Population on 1 January - total,Lithuania,1997,3588013,,
ESTAT:DEMO_GIND(1.0),09/01/25 23:00:00,Annual,Population on 1 January - total,Lithuania,1998,3562261,,
ESTAT:DEMO_GIND(1.0),09/01/25 23:00:00,Annual,Population on 1 January - total,Lithuania,1999,3536401,,
ESTAT:DEMO_GIND(1.0),09/01/25 23:00:00,Annual,Population on 1 January - total,Lithuania,2000,3512074,,
ESTAT:DEMO_GIND(1.0),09/01/25 23:00:00,Annual,Population on 1 January - total,Lithuania,2001,3486998,,
ESTAT:DEMO_GIND(1.0),09/01/25 23:00:00,Annual,Population on 1 January - total,Lithuania,2002,3454637,,
ESTAT:DEMO_GIND(1.0),09/01/25 23:00:00,Annual,Population on 1 January - total,Lithuania,2003,3431497,,
ESTAT:DEMO_GIND(1.0),09/01/25 23:00:00,Annual,Population on 1 January - total,Lithuania,2004,3398929,,
ESTAT:DEMO_GIND(1.0),09/01/25 23:00:00,Annual,Population on 1 January - total,Lithuania,2005,3355220,,
ESTAT:DEMO_GIND(1.0),09/01/25 23:00:00,Annual,Population on 1 January - total,Lithuania,2006,3289835,,
ESTAT:DEMO_GIND(1.0),09/01/25 23:00:00,Annual,Population on 1 January - total,Lithuania,2007,3249983,,
ESTAT:DEMO_GIND(1.0),09/01/25 23:00:00,Annual,Population on 1 January - total,Lithuania,2008,3212605,,
ESTAT:DEMO_GIND(1.0),09/01/25 23:00:00,Annual,Population on 1 January - total,Lithuania,2009,3183856,,
ESTAT:DEMO_GIND(1.0),09/01/25 23:00:00,Annual,Population on 1 January - total,Lithuania,2010,3141976,,
ESTAT:DEMO_GIND(1.0),09/01/25 23:00:00,Annual,Population on 1 January - total,Lithuania,2011,3052588,,
ESTAT:DEMO_GIND(1.0),09/01/25 23:00:00,Annual,Population on 1 January - total,Lithuania,2012,3003641,,
ESTAT:DEMO_GIND(1.0),09/01/25 23:00:00,Annual,Population on 1 January - total,Lithuania,2013,2974637,,
ESTAT:DEMO_GIND(1.0),09/01/25 23:00:00,Annual,Population on 1 January - total,Lithuania,2014,2947862,,
ESTAT:DEMO_GIND(1.0),09/01/25 23:00:00,Annual,Population on 1 January - total,Lithuania,2015,2926644,,
ESTAT:DEMO_GIND(1.0),09/01/25 23:00:00,Annual,Population on 1 January - total,Lithuania,2016,2895573,,
ESTAT:DEMO_GIND(1.0),09/01/25 23:00:00,Annual,Population on 1 January - total,Lithuania,2017,2859077,,
ESTAT:DEMO_GIND(1.0),09/01/25 23:00:00,Annual,Population on 1 January - total,Lithuania,2018,2826200,,
ESTAT:DEMO_GIND(1.0),09/01/25 23:00:00,Annual,Population on 1 January - total,Lithuania,2019,2812200,,
ESTAT:DEMO_GIND(1.0),09/01/25 23:00:00,Annual,Population on 1 January - total,Lithuania,2020,2809977,,
ESTAT:DEMO_GIND(1.0),09/01/25 23:00:00,Annual,Population on 1 January - total,Lithuania,2021,2810761,,
ESTAT:DEMO_GIND(1.0),09/01/25 23:00:00,Annual,Population on 1 January - total,Lithuania,2022,2805998,,
ESTAT:DEMO_GIND(1.0),09/01/25 23:00:00,Annual,Population on 1 January - total,Lithuania,2023,2857279,,
ESTAT:DEMO_GIND(1.0),09/01/25 23:00:00,Annual,Population on 1 January - total,Lithuania,2024,2885891,,
ESTAT:DEMO_GIND(1.0),09/01/25 23:00:00,Annual,Population on 1 January - total,Luxembourg,1995,405650,,
ESTAT:DEMO_GIND(1.0),09/01/25 23:00:00,Annual,Population on 1 January - total,Luxembourg,1996,411600,,
ESTAT:DEMO_GIND(1.0),09/01/25 23:00:00,Annual,Population on 1 January - total,Luxembourg,1997,416850,,
ESTAT:DEMO_GIND(1.0),09/01/25 23:00:00,Annual,Population on 1 January - total,Luxembourg,1998,422050,,
ESTAT:DEMO_GIND(1.0),09/01/25 23:00:00,Annual,Population on 1 January - total,Luxembourg,1999,427350,,
ESTAT:DEMO_GIND(1.0),09/01/25 23:00:00,Annual,Population on 1 January - total,Luxembourg,2000,433600,,
ESTAT:DEMO_GIND(1.0),09/01/25 23:00:00,Annual,Population on 1 January - total,Luxembourg,2001,439000,,
ESTAT:DEMO_GIND(1.0),09/01/25 23:00:00,Annual,Population on 1 January - total,Luxembourg,2002,444050,,
ESTAT:DEMO_GIND(1.0),09/01/25 23:00:00,Annual,Population on 1 January - total,Luxembourg,2003,448300,,
ESTAT:DEMO_GIND(1.0),09/01/25 23:00:00,Annual,Population on 1 January - total,Luxembourg,2004,454960,,
ESTAT:DEMO_GIND(1.0),09/01/25 23:00:00,Annual,Population on 1 January - total,Luxembourg,2005,461230,,
ESTAT:DEMO_GIND(1.0),09/01/25 23:00:00,Annual,Population on 1 January - total,Luxembourg,2006,469086,,
ESTAT:DEMO_GIND(1.0),09/01/25 23:00:00,Annual,Population on 1 January - total,Luxembourg,2007,476187,,
ESTAT:DEMO_GIND(1.0),09/01/25 23:00:00,Annual,Population on 1 January - total,Luxembourg,2008,483799,,
ESTAT:DEMO_GIND(1.0),09/01/25 23:00:00,Annual,Population on 1 January - total,Luxembourg,2009,493500,,
ESTAT:DEMO_GIND(1.0),09/01/25 23:00:00,Annual,Population on 1 January - total,Luxembourg,2010,502066,,
ESTAT:DEMO_GIND(1.0),09/01/25 23:00:00,Annual,Population on 1 January - total,Luxembourg,2011,511840,,
ESTAT:DEMO_GIND(1.0),09/01/25 23:00:00,Annual,Population on 1 January - total,Luxembourg,2012,524853,b,
ESTAT:DEMO_GIND(1.0),09/01/25 23:00:00,Annual,Population on 1 January - total,Luxembourg,2013,537039,,
ESTAT:DEMO_GIND(1.0),09/01/25 23:00:00,Annual,Population on 1 January - total,Luxembourg,2014,549680,,
ESTAT:DEMO_GIND(1.0),09/01/25 23:00:00,Annual,Population on 1 January - total,Luxembourg,2015,562958,,
ESTAT:DEMO_GIND(1.0),09/01/25 23:00:00,Annual,Population on 1 January - total,Luxembourg,2016,576249,,
ESTAT:DEMO_GIND(1.0),09/01/25 23:00:00,Annual,Population on 1 January - total,Luxembourg,2017,590667,b,
ESTAT:DEMO_GIND(1.0),09/01/25 23:00:00,Annual,Population on 1 January - total,Luxembourg,2018,602005,,
ESTAT:DEMO_GIND(1.0),09/01/25 23:00:00,Annual,Population on 1 January - total,Luxembourg,2019,613894,,
ESTAT:DEMO_GIND(1.0),09/01/25 23:00:00,Annual,Population on 1 January - total,Luxembourg,2020,626108,,
ESTAT:DEMO_GIND(1.0),09/01/25 23:00:00,Annual,Population on 1 January - total,Luxembourg,2021,634730,,
ESTAT:DEMO_GIND(1.0),09/01/25 23:00:00,Annual,Population on 1 January - total,Luxembourg,2022,645397,,
ESTAT:DEMO_GIND(1.0),09/01/25 23:00:00,Annual,Population on 1 January - total,Luxembourg,2023,660809,,
ESTAT:DEMO_GIND(1.0),09/01/25 23:00:00,Annual,Population on 1 January - total,Luxembourg,2024,672050,,
ESTAT:DEMO_GIND(1.0),09/01/25 23:00:00,Annual,Population on 1 January - total,Latvia,1995,2500580,,
ESTAT:DEMO_GIND(1.0),09/01/25 23:00:00,Annual,Population on 1 January - total,Latvia,1996,2469531,,
ESTAT:DEMO_GIND(1.0),09/01/25 23:00:00,Annual,Population on 1 January - total,Latvia,1997,2444912,,
ESTAT:DEMO_GIND(1.0),09/01/25 23:00:00,Annual,Population on 1 January - total,Latvia,1998,2420789,,
ESTAT:DEMO_GIND(1.0),09/01/25 23:00:00,Annual,Population on 1 January - total,Latvia,1999,2399248,,
ESTAT:DEMO_GIND(1.0),09/01/25 23:00:00,Annual,Population on 1 January - total,Latvia,2000,2381715,,
ESTAT:DEMO_GIND(1.0),09/01/25 23:00:00,Annual,Population on 1 January - total,Latvia,2001,2353384,,
ESTAT:DEMO_GIND(1.0),09/01/25 23:00:00,Annual,Population on 1 January - total,Latvia,2002,2320956,,
ESTAT:DEMO_GIND(1.0),09/01/25 23:00:00,Annual,Population on 1 January - total,Latvia,2003,2299390,,
ESTAT:DEMO_GIND(1.0),09/01/25 23:00:00,Annual,Population on 1 January - total,Latvia,2004,2276520,,
ESTAT:DEMO_GIND(1.0),09/01/25 23:00:00,Annual,Population on 1 January - total,Latvia,2005,2249724,,
ESTAT:DEMO_GIND(1.0),09/01/25 23:00:00,Annual,Population on 1 January - total,Latvia,2006,2227874,,
ESTAT:DEMO_GIND(1.0),09/01/25 23:00:00,Annual,Population on 1 January - total,Latvia,2007,2208840,,
ESTAT:DEMO_GIND(1.0),09/01/25 23:00:00,Annual,Population on 1 January - total,Latvia,2008,2191810,,
ESTAT:DEMO_GIND(1.0),09/01/25 23:00:00,Annual,Population on 1 January - total,Latvia,2009,2162834,,
ESTAT:DEMO_GIND(1.0),09/01/25 23:00:00,Annual,Population on 1 January - total,Latvia,2010,2120504,,
ESTAT:DEMO_GIND(1.0),09/01/25 23:00:00,Annual,Population on 1 January - total,Latvia,2011,2074605,,
ESTAT:DEMO_GIND(1.0),09/01/25 23:00:00,Annual,Population on 1 January - total,Latvia,2012,2044813,,
ESTAT:DEMO_GIND(1.0),09/01/25 23:00:00,Annual,Population on 1 January - total,Latvia,2013,2023825,,
ESTAT:DEMO_GIND(1.0),09/01/25 23:00:00,Annual,Population on 1 January - total,Latvia,2014,2001468,,
ESTAT:DEMO_GIND(1.0),09/01/25 23:00:00,Annual,Population on 1 January - total,Latvia,2015,1986096,,
ESTAT:DEMO_GIND(1.0),09/01/25 23:00:00,Annual,Population on 1 January - total,Latvia,2016,1968957,,
ESTAT:DEMO_GIND(1.0),09/01/25 23:00:00,Annual,Population on 1 January - total,Latvia,2017,1950116,,
ESTAT:DEMO_GIND(1.0),09/01/25 23:00:00,Annual,Population on 1 January - total,Latvia,2018,1934379,,
ESTAT:DEMO_GIND(1.0),09/01/25 23:00:00,Annual,Population on 1 January - total,Latvia,2019,1919968,,
ESTAT:DEMO_GIND(1.0),09/01/25 23:00:00,Annual,Population on 1 January - total,Latvia,2020,1907675,,
ESTAT:DEMO_GIND(1.0),09/01/25 23:00:00,Annual,Population on 1 January - total,Latvia,2021,1893223,,
ESTAT:DEMO_GIND(1.0),09/01/25 23:00:00,Annual,Population on 1 January - total,Latvia,2022,1875757,,
ESTAT:DEMO_GIND(1.0),09/01/25 23:00:00,Annual,Population on 1 January - total,Latvia,2023,1883008,,
ESTAT:DEMO_GIND(1.0),09/01/25 23:00:00,Annual,Population on 1 January - total,Latvia,2024,1871882,,
ESTAT:DEMO_GIND(1.0),09/01/25 23:00:00,Annual,Population on 1 January - total,Malta,1995,376433,,
ESTAT:DEMO_GIND(1.0),09/01/25 23:00:00,Annual,Population on 1 January - total,Malta,1996,378404,,
ESTAT:DEMO_GIND(1.0),09/01/25 23:00:00,Annual,Population on 1 January - total,Malta,1997,381405,,
ESTAT:DEMO_GIND(1.0),09/01/25 23:00:00,Annual,Population on 1 January - total,Malta,1998,384176,,
ESTAT:DEMO_GIND(1.0),09/01/25 23:00:00,Annual,Population on 1 January - total,Malta,1999,386397,,
ESTAT:DEMO_GIND(1.0),09/01/25 23:00:00,Annual,Population on 1 January - total,Malta,2000,388759,,
ESTAT:DEMO_GIND(1.0),09/01/25 23:00:00,Annual,Population on 1 January - total,Malta,2001,391415,,
ESTAT:DEMO_GIND(1.0),09/01/25 23:00:00,Annual,Population on 1 January - total,Malta,2002,394641,,
ESTAT:DEMO_GIND(1.0),09/01/25 23:00:00,Annual,Population on 1 January - total,Malta,2003,397296,,
ESTAT:DEMO_GIND(1.0),09/01/25 23:00:00,Annual,Population on 1 January - total,Malta,2004,399867,,
ESTAT:DEMO_GIND(1.0),09/01/25 23:00:00,Annual,Population on 1 January - total,Malta,2005,402668,,
ESTAT:DEMO_GIND(1.0),09/01/25 23:00:00,Annual,Population on 1 January - total,Malta,2006,404999,,
ESTAT:DEMO_GIND(1.0),09/01/25 23:00:00,Annual,Population on 1 January - total,Malta,2007,405616,,
ESTAT:DEMO_GIND(1.0),09/01/25 23:00:00,Annual,Population on 1 January - total,Malta,2008,407832,,
ESTAT:DEMO_GIND(1.0),09/01/25 23:00:00,Annual,Population on 1 January - total,Malta,2009,410926,,
ESTAT:DEMO_GIND(1.0),09/01/25 23:00:00,Annual,Population on 1 January - total,Malta,2010,414027,,
ESTAT:DEMO_GIND(1.0),09/01/25 23:00:00,Annual,Population on 1 January - total,Malta,2011,414989,,
ESTAT:DEMO_GIND(1.0),09/01/25 23:00:00,Annual,Population on 1 January - total,Malta,2012,417546,,
ESTAT:DEMO_GIND(1.0),09/01/25 23:00:00,Annual,Population on 1 January - total,Malta,2013,421464,,
ESTAT:DEMO_GIND(1.0),09/01/25 23:00:00,Annual,Population on 1 January - total,Malta,2014,428156,,
ESTAT:DEMO_GIND(1.0),09/01/25 23:00:00,Annual,Population on 1 January - total,Malta,2015,438805,,
ESTAT:DEMO_GIND(1.0),09/01/25 23:00:00,Annual,Population on 1 January - total,Malta,2016,449635,,
ESTAT:DEMO_GIND(1.0),09/01/25 23:00:00,Annual,Population on 1 January - total,Malta,2017,459375,,
ESTAT:DEMO_GIND(1.0),09/01/25 23:00:00,Annual,Population on 1 January - total,Malta,2018,474837,,
ESTAT:DEMO_GIND(1.0),09/01/25 23:00:00,Annual,Population on 1 January - total,Malta,2019,492968,,
ESTAT:DEMO_GIND(1.0),09/01/25 23:00:00,Annual,Population on 1 January - total,Malta,2020,514855,,
ESTAT:DEMO_GIND(1.0),09/01/25 23:00:00,Annual,Population on 1 January - total,Malta,2021,516125,,
ESTAT:DEMO_GIND(1.0),09/01/25 23:00:00,Annual,Population on 1 January - total,Malta,2022,520174,,
ESTAT:DEMO_GIND(1.0),09/01/25 23:00:00,Annual,Population on 1 January - total,Malta,2023,542051,,
ESTAT:DEMO_GIND(1.0),09/01/25 23:00:00,Annual,Population on 1 January - total,Malta,2024,563443,,
ESTAT:DEMO_GIND(1.0),09/01/25 23:00:00,Annual,Population on 1 January - total,Netherlands,1995,15424122,,
ESTAT:DEMO_GIND(1.0),09/01/25 23:00:00,Annual,Population on 1 January - total,Netherlands,1996,15493889,,
ESTAT:DEMO_GIND(1.0),09/01/25 23:00:00,Annual,Population on 1 January - total,Netherlands,1997,15567107,,
ESTAT:DEMO_GIND(1.0),09/01/25 23:00:00,Annual,Population on 1 January - total,Netherlands,1998,15654192,,
ESTAT:DEMO_GIND(1.0),09/01/25 23:00:00,Annual,Population on 1 January - total,Netherlands,1999,15760225,,
ESTAT:DEMO_GIND(1.0),09/01/25 23:00:00,Annual,Population on 1 January - total,Netherlands,2000,15863950,,
ESTAT:DEMO_GIND(1.0),09/01/25 23:00:00,Annual,Population on 1 January - total,Netherlands,2001,15987075,,
ESTAT:DEMO_GIND(1.0),09/01/25 23:00:00,Annual,Population on 1 January - total,Netherlands,2002,16105285,,
ESTAT:DEMO_GIND(1.0),09/01/25 23:00:00,Annual,Population on 1 January - total,Netherlands,2003,16192572,,
ESTAT:DEMO_GIND(1.0),09/01/25 23:00:00,Annual,Population on 1 January - total,Netherlands,2004,16258032,,
ESTAT:DEMO_GIND(1.0),09/01/25 23:00:00,Annual,Population on 1 January - total,Netherlands,2005,16305526,,
ESTAT:DEMO_GIND(1.0),09/01/25 23:00:00,Annual,Population on 1 January - total,Netherlands,2006,16334210,,
ESTAT:DEMO_GIND(1.0),09/01/25 23:00:00,Annual,Population on 1 January - total,Netherlands,2007,16357992,,
ESTAT:DEMO_GIND(1.0),09/01/25 23:00:00,Annual,Population on 1 January - total,Netherlands,2008,16405399,,
ESTAT:DEMO_GIND(1.0),09/01/25 23:00:00,Annual,Population on 1 January - total,Netherlands,2009,16485787,,
ESTAT:DEMO_GIND(1.0),09/01/25 23:00:00,Annual,Population on 1 January - total,Netherlands,2010,16574989,,
ESTAT:DEMO_GIND(1.0),09/01/25 23:00:00,Annual,Population on 1 January - total,Netherlands,2011,16655799,,
ESTAT:DEMO_GIND(1.0),09/01/25 23:00:00,Annual,Population on 1 January - total,Netherlands,2012,16730348,,
ESTAT:DEMO_GIND(1.0),09/01/25 23:00:00,Annual,Population on 1 January - total,Netherlands,2013,16779575,,
ESTAT:DEMO_GIND(1.0),09/01/25 23:00:00,Annual,Population on 1 January - total,Netherlands,2014,16829289,,
ESTAT:DEMO_GIND(1.0),09/01/25 23:00:00,Annual,Population on 1 January - total,Netherlands,2015,16900726,,
ESTAT:DEMO_GIND(1.0),09/01/25 23:00:00,Annual,Population on 1 January - total,Netherlands,2016,16979120,,
ESTAT:DEMO_GIND(1.0),09/01/25 23:00:00,Annual,Population on 1 January - total,Netherlands,2017,17081507,,
ESTAT:DEMO_GIND(1.0),09/01/25 23:00:00,Annual,Population on 1 January - total,Netherlands,2018,17181084,,
ESTAT:DEMO_GIND(1.0),09/01/25 23:00:00,Annual,Population on 1 January - total,Netherlands,2019,17282163,,
ESTAT:DEMO_GIND(1.0),09/01/25 23:00:00,Annual,Population on 1 January - total,Netherlands,2020,17407585,,
ESTAT:DEMO_GIND(1.0),09/01/25 23:00:00,Annual,Population on 1 January - total,Netherlands,2021,17475415,,
ESTAT:DEMO_GIND(1.0),09/01/25 23:00:00,Annual,Population on 1 January - total,Netherlands,2022,17590672,,
ESTAT:DEMO_GIND(1.0),09/01/25 23:00:00,Annual,Population on 1 January - total,Netherlands,2023,17811291,,
ESTAT:DEMO_GIND(1.0),09/01/25 23:00:00,Annual,Population on 1 January - total,Netherlands,2024,17942942,,
ESTAT:DEMO_GIND(1.0),09/01/25 23:00:00,Annual,Population on 1 January - total,Poland,1995,38580597,,
ESTAT:DEMO_GIND(1.0),09/01/25 23:00:00,Annual,Population on 1 January - total,Poland,1996,38609399,,
ESTAT:DEMO_GIND(1.0),09/01/25 23:00:00,Annual,Population on 1 January - total,Poland,1997,38639341,,
ESTAT:DEMO_GIND(1.0),09/01/25 23:00:00,Annual,Population on 1 January - total,Poland,1998,38659979,,
ESTAT:DEMO_GIND(1.0),09/01/25 23:00:00,Annual,Population on 1 January - total,Poland,1999,38666983,,
ESTAT:DEMO_GIND(1.0),09/01/25 23:00:00,Annual,Population on 1 January - total,Poland,2000,38263303,b,
ESTAT:DEMO_GIND(1.0),09/01/25 23:00:00,Annual,Population on 1 January - total,Poland,2001,38253955,,
ESTAT:DEMO_GIND(1.0),09/01/25 23:00:00,Annual,Population on 1 January - total,Poland,2002,38242197,,
ESTAT:DEMO_GIND(1.0),09/01/25 23:00:00,Annual,Population on 1 January - total,Poland,2003,38218531,,
ESTAT:DEMO_GIND(1.0),09/01/25 23:00:00,Annual,Population on 1 January - total,Poland,2004,38190608,,
ESTAT:DEMO_GIND(1.0),09/01/25 23:00:00,Annual,Population on 1 January - total,Poland,2005,38173835,,
ESTAT:DEMO_GIND(1.0),09/01/25 23:00:00,Annual,Population on 1 January - total,Poland,2006,38157055,,
ESTAT:DEMO_GIND(1.0),09/01/25 23:00:00,Annual,Population on 1 January - total,Poland,2007,38125479,,
ESTAT:DEMO_GIND(1.0),09/01/25 23:00:00,Annual,Population on 1 January - total,Poland,2008,38115641,,
ESTAT:DEMO_GIND(1.0),09/01/25 23:00:00,Annual,Population on 1 January - total,Poland,2009,38135876,,
ESTAT:DEMO_GIND(1.0),09/01/25 23:00:00,Annual,Population on 1 January - total,Poland,2010,38022869,b,
ESTAT:DEMO_GIND(1.0),09/01/25 23:00:00,Annual,Population on 1 January - total,Poland,2011,38062718,,
ESTAT:DEMO_GIND(1.0),09/01/25 23:00:00,Annual,Population on 1 January - total,Poland,2012,38063792,,
ESTAT:DEMO_GIND(1.0),09/01/25 23:00:00,Annual,Population on 1 January - total,Poland,2013,38062535,,
ESTAT:DEMO_GIND(1.0),09/01/25 23:00:00,Annual,Population on 1 January - total,Poland,2014,38017856,,
ESTAT:DEMO_GIND(1.0),09/01/25 23:00:00,Annual,Population on 1 January - total,Poland,2015,38005614,,
ESTAT:DEMO_GIND(1.0),09/01/25 23:00:00,Annual,Population on 1 January - total,Poland,2016,37967209,,
ESTAT:DEMO_GIND(1.0),09/01/25 23:00:00,Annual,Population on 1 January - total,Poland,2017,37972964,,
ESTAT:DEMO_GIND(1.0),09/01/25 23:00:00,Annual,Population on 1 January - total,Poland,2018,37976687,e,
ESTAT:DEMO_GIND(1.0),09/01/25 23:00:00,Annual,Population on 1 January - total,Poland,2019,37972812,,
ESTAT:DEMO_GIND(1.0),09/01/25 23:00:00,Annual,Population on 1 January - total,Poland,2020,37958138,e,
ESTAT:DEMO_GIND(1.0),09/01/25 23:00:00,Annual,Population on 1 January - total,Poland,2021,37073357,b,
ESTAT:DEMO_GIND(1.0),09/01/25 23:00:00,Annual,Population on 1 January - total,Poland,2022,36889761,,
ESTAT:DEMO_GIND(1.0),09/01/25 23:00:00,Annual,Population on 1 January - total,Poland,2023,36753736,,
ESTAT:DEMO_GIND(1.0),09/01/25 23:00:00,Annual,Population on 1 January - total,Poland,2024,36620970,,
ESTAT:DEMO_GIND(1.0),09/01/25 23:00:00,Annual,Population on 1 January - total,Portugal,1995,10008659,,
ESTAT:DEMO_GIND(1.0),09/01/25 23:00:00,Annual,Population on 1 January - total,Portugal,1996,10043693,,
ESTAT:DEMO_GIND(1.0),09/01/25 23:00:00,Annual,Population on 1 January - total,Portugal,1997,10084196,,
ESTAT:DEMO_GIND(1.0),09/01/25 23:00:00,Annual,Population on 1 January - total,Portugal,1998,10133758,,
ESTAT:DEMO_GIND(1.0),09/01/25 23:00:00,Annual,Population on 1 January - total,Portugal,1999,10186634,,
ESTAT:DEMO_GIND(1.0),09/01/25 23:00:00,Annual,Population on 1 January - total,Portugal,2000,10249022,,
ESTAT:DEMO_GIND(1.0),09/01/25 23:00:00,Annual,Population on 1 January - total,Portugal,2001,10330774,,
ESTAT:DEMO_GIND(1.0),09/01/25 23:00:00,Annual,Population on 1 January - total,Portugal,2002,10394669,,
ESTAT:DEMO_GIND(1.0),09/01/25 23:00:00,Annual,Population on 1 January - total,Portugal,2003,10444592,,
ESTAT:DEMO_GIND(1.0),09/01/25 23:00:00,Annual,Population on 1 January - total,Portugal,2004,10473050,,
ESTAT:DEMO_GIND(1.0),09/01/25 23:00:00,Annual,Population on 1 January - total,Portugal,2005,10494672,,
ESTAT:DEMO_GIND(1.0),09/01/25 23:00:00,Annual,Population on 1 January - total,Portugal,2006,10511988,,
ESTAT:DEMO_GIND(1.0),09/01/25 23:00:00,Annual,Population on 1 January - total,Portugal,2007,10532588,,
ESTAT:DEMO_GIND(1.0),09/01/25 23:00:00,Annual,Population on 1 January - total,Portugal,2008,10553339,,
ESTAT:DEMO_GIND(1.0),09/01/25 23:00:00,Annual,Population on 1 January - total,Portugal,2009,10563014,,
ESTAT:DEMO_GIND(1.0),09/01/25 23:00:00,Annual,Population on 1 January - total,Portugal,2010,10573479,,
ESTAT:DEMO_GIND(1.0),09/01/25 23:00:00,Annual,Population on 1 January - total,Portugal,2011,10572721,,
ESTAT:DEMO_GIND(1.0),09/01/25 23:00:00,Annual,Population on 1 January - total,Portugal,2012,10558950,,
ESTAT:DEMO_GIND(1.0),09/01/25 23:00:00,Annual,Population on 1 January - total,Portugal,2013,10503889,,
ESTAT:DEMO_GIND(1.0),09/01/25 23:00:00,Annual,Population on 1 January - total,Portugal,2014,10444092,,
ESTAT:DEMO_GIND(1.0),09/01/25 23:00:00,Annual,Population on 1 January - total,Portugal,2015,10395121,,
ESTAT:DEMO_GIND(1.0),09/01/25 23:00:00,Annual,Population on 1 January - total,Portugal,2016,10368554,,
ESTAT:DEMO_GIND(1.0),09/01/25 23:00:00,Annual,Population on 1 January - total,Portugal,2017,10344478,,
ESTAT:DEMO_GIND(1.0),09/01/25 23:00:00,Annual,Population on 1 January - total,Portugal,2018,10335770,,
ESTAT:DEMO_GIND(1.0),09/01/25 23:00:00,Annual,Population on 1 January - total,Portugal,2019,10333496,,
ESTAT:DEMO_GIND(1.0),09/01/25 23:00:00,Annual,Population on 1 January - total,Portugal,2020,10375395,,
ESTAT:DEMO_GIND(1.0),09/01/25 23:00:00,Annual,Population on 1 January - total,Portugal,2021,10394297,,
ESTAT:DEMO_GIND(1.0),09/01/25 23:00:00,Annual,Population on 1 January - total,Portugal,2022,10421117,,
ESTAT:DEMO_GIND(1.0),09/01/25 23:00:00,Annual,Population on 1 January - total,Portugal,2023,10516621,,
ESTAT:DEMO_GIND(1.0),09/01/25 23:00:00,Annual,Population on 1 January - total,Portugal,2024,10639726,,
ESTAT:DEMO_GIND(1.0),09/01/25 23:00:00,Annual,Population on 1 January - total,Romania,1995,22712394,,
ESTAT:DEMO_GIND(1.0),09/01/25 23:00:00,Annual,Population on 1 January - total,Romania,1996,22656145,,
ESTAT:DEMO_GIND(1.0),09/01/25 23:00:00,Annual,Population on 1 January - total,Romania,1997,22581862,,
ESTAT:DEMO_GIND(1.0),09/01/25 23:00:00,Annual,Population on 1 January - total,Romania,1998,22526093,,
ESTAT:DEMO_GIND(1.0),09/01/25 23:00:00,Annual,Population on 1 January - total,Romania,1999,22488595,,
ESTAT:DEMO_GIND(1.0),09/01/25 23:00:00,Annual,Population on 1 January - total,Romania,2000,22455485,,
ESTAT:DEMO_GIND(1.0),09/01/25 23:00:00,Annual,Population on 1 January - total,Romania,2001,22430457,,
ESTAT:DEMO_GIND(1.0),09/01/25 23:00:00,Annual,Population on 1 January - total,Romania,2002,21833483,,
ESTAT:DEMO_GIND(1.0),09/01/25 23:00:00,Annual,Population on 1 January - total,Romania,2003,21627509,,
ESTAT:DEMO_GIND(1.0),09/01/25 23:00:00,Annual,Population on 1 January - total,Romania,2004,21521142,,
ESTAT:DEMO_GIND(1.0),09/01/25 23:00:00,Annual,Population on 1 January - total,Romania,2005,21382354,,
ESTAT:DEMO_GIND(1.0),09/01/25 23:00:00,Annual,Population on 1 January - total,Romania,2006,21257016,,
ESTAT:DEMO_GIND(1.0),09/01/25 23:00:00,Annual,Population on 1 January - total,Romania,2007,21130503,,
ESTAT:DEMO_GIND(1.0),09/01/25 23:00:00,Annual,Population on 1 January - total,Romania,2008,20635460,,
ESTAT:DEMO_GIND(1.0),09/01/25 23:00:00,Annual,Population on 1 January - total,Romania,2009,20440290,,
ESTAT:DEMO_GIND(1.0),09/01/25 23:00:00,Annual,Population on 1 January - total,Romania,2010,20294683,,
ESTAT:DEMO_GIND(1.0),09/01/25 23:00:00,Annual,Population on 1 January - total,Romania,2011,20199059,,
ESTAT:DEMO_GIND(1.0),09/01/25 23:00:00,Annual,Population on 1 January - total,Romania,2012,20095996,,
ESTAT:DEMO_GIND(1.0),09/01/25 23:00:00,Annual,Population on 1 January - total,Romania,2013,20020074,,
ESTAT:DEMO_GIND(1.0),09/01/25 23:00:00,Annual,Population on 1 January - total,Romania,2014,19947311,,
ESTAT:DEMO_GIND(1.0),09/01/25 23:00:00,Annual,Population on 1 January - total,Romania,2015,19870647,,
ESTAT:DEMO_GIND(1.0),09/01/25 23:00:00,Annual,Population on 1 January - total,Romania,2016,19760585,,
ESTAT:DEMO_GIND(1.0),09/01/25 23:00:00,Annual,Population on 1 January - total,Romania,2017,19643949,,
ESTAT:DEMO_GIND(1.0),09/01/25 23:00:00,Annual,Population on 1 January - total,Romania,2018,19533481,,
ESTAT:DEMO_GIND(1.0),09/01/25 23:00:00,Annual,Population on 1 January - total,Romania,2019,19414458,,
ESTAT:DEMO_GIND(1.0),09/01/25 23:00:00,Annual,Population on 1 January - total,Romania,2020,19328838,e,
ESTAT:DEMO_GIND(1.0),09/01/25 23:00:00,Annual,Population on 1 January - total,Romania,2021,19201662,,
ESTAT:DEMO_GIND(1.0),09/01/25 23:00:00,Annual,Population on 1 January - total,Romania,2022,19042455,e,
ESTAT:DEMO_GIND(1.0),09/01/25 23:00:00,Annual,Population on 1 January - total,Romania,2023,19054548,e,
ESTAT:DEMO_GIND(1.0),09/01/25 23:00:00,Annual,Population on 1 January - total,Romania,2024,19064409,e,
ESTAT:DEMO_GIND(1.0),09/01/25 23:00:00,Annual,Population on 1 January - total,Sweden,1995,8816381,,
ESTAT:DEMO_GIND(1.0),09/01/25 23:00:00,Annual,Population on 1 January - total,Sweden,1996,8837496,,
ESTAT:DEMO_GIND(1.0),09/01/25 23:00:00,Annual,Population on 1 January - total,Sweden,1997,8844499,,
ESTAT:DEMO_GIND(1.0),09/01/25 23:00:00,Annual,Population on 1 January - total,Sweden,1998,8847625,,
ESTAT:DEMO_GIND(1.0),09/01/25 23:00:00,Annual,Population on 1 January - total,Sweden,1999,8854322,,
ESTAT:DEMO_GIND(1.0),09/01/25 23:00:00,Annual,Population on 1 January - total,Sweden,2000,8861426,,
ESTAT:DEMO_GIND(1.0),09/01/25 23:00:00,Annual,Population on 1 January - total,Sweden,2001,8882792,,
ESTAT:DEMO_GIND(1.0),09/01/25 23:00:00,Annual,Population on 1 January - total,Sweden,2002,8909128,,
ESTAT:DEMO_GIND(1.0),09/01/25 23:00:00,Annual,Population on 1 January - total,Sweden,2003,8940788,,
ESTAT:DEMO_GIND(1.0),09/01/25 23:00:00,Annual,Population on 1 January - total,Sweden,2004,8975670,,
ESTAT:DEMO_GIND(1.0),09/01/25 23:00:00,Annual,Population on 1 January - total,Sweden,2005,9011392,,
ESTAT:DEMO_GIND(1.0),09/01/25 23:00:00,Annual,Population on 1 January - total,Sweden,2006,9047752,,
ESTAT:DEMO_GIND(1.0),09/01/25 23:00:00,Annual,Population on 1 January - total,Sweden,2007,9113257,,
ESTAT:DEMO_GIND(1.0),09/01/25 23:00:00,Annual,Population on 1 January - total,Sweden,2008,9182927,,
ESTAT:DEMO_GIND(1.0),09/01/25 23:00:00,Annual,Population on 1 January - total,Sweden,2009,9256347,,
ESTAT:DEMO_GIND(1.0),09/01/25 23:00:00,Annual,Population on 1 January - total,Sweden,2010,9340682,,
ESTAT:DEMO_GIND(1.0),09/01/25 23:00:00,Annual,Population on 1 January - total,Sweden,2011,9415570,,
ESTAT:DEMO_GIND(1.0),09/01/25 23:00:00,Annual,Population on 1 January - total,Sweden,2012,9482855,,
ESTAT:DEMO_GIND(1.0),09/01/25 23:00:00,Annual,Population on 1 January - total,Sweden,2013,9555893,,
ESTAT:DEMO_GIND(1.0),09/01/25 23:00:00,Annual,Population on 1 January - total,Sweden,2014,9644864,,
ESTAT:DEMO_GIND(1.0),09/01/25 23:00:00,Annual,Population on 1 January - total,Sweden,2015,9747355,,
ESTAT:DEMO_GIND(1.0),09/01/25 23:00:00,Annual,Population on 1 January - total,Sweden,2016,9851017,,
ESTAT:DEMO_GIND(1.0),09/01/25 23:00:00,Annual,Population on 1 January - total,Sweden,2017,9995153,,
ESTAT:DEMO_GIND(1.0),09/01/25 23:00:00,Annual,Population on 1 January - total,Sweden,2018,10120242,,
ESTAT:DEMO_GIND(1.0),09/01/25 23:00:00,Annual,Population on 1 January - total,Sweden,2019,10230185,,
ESTAT:DEMO_GIND(1.0),09/01/25 23:00:00,Annual,Population on 1 January - total,Sweden,2020,10327589,,
ESTAT:DEMO_GIND(1.0),09/01/25 23:00:00,Annual,Population on 1 January - total,Sweden,2021,10379295,,
ESTAT:DEMO_GIND(1.0),09/01/25 23:00:00,Annual,Population on 1 January - total,Sweden,2022,10452326,,
ESTAT:DEMO_GIND(1.0),09/01/25 23:00:00,Annual,Population on 1 January - total,Sweden,2023,10521556,,
ESTAT:DEMO_GIND(1.0),09/01/25 23:00:00,Annual,Population on 1 January - total,Sweden,2024,10551707,,
ESTAT:DEMO_GIND(1.0),09/01/25 23:00:00,Annual,Population on 1 January - total,Slovenia,1995,1989477,,
ESTAT:DEMO_GIND(1.0),09/01/25 23:00:00,Annual,Population on 1 January - total,Slovenia,1996,1990266,,
ESTAT:DEMO_GIND(1.0),09/01/25 23:00:00,Annual,Population on 1 January - total,Slovenia,1997,1986989,,
ESTAT:DEMO_GIND(1.0),09/01/25 23:00:00,Annual,Population on 1 January - total,Slovenia,1998,1984923,,
ESTAT:DEMO_GIND(1.0),09/01/25 23:00:00,Annual,Population on 1 January - total,Slovenia,1999,1978334,,
ESTAT:DEMO_GIND(1.0),09/01/25 23:00:00,Annual,Population on 1 January - total,Slovenia,2000,1987755,,
ESTAT:DEMO_GIND(1.0),09/01/25 23:00:00,Annual,Population on 1 January - total,Slovenia,2001,1990094,,
ESTAT:DEMO_GIND(1.0),09/01/25 23:00:00,Annual,Population on 1 January - total,Slovenia,2002,1994026,,
ESTAT:DEMO_GIND(1.0),09/01/25 23:00:00,Annual,Population on 1 January - total,Slovenia,2003,1995033,,
ESTAT:DEMO_GIND(1.0),09/01/25 23:00:00,Annual,Population on 1 January - total,Slovenia,2004,1996433,,
ESTAT:DEMO_GIND(1.0),09/01/25 23:00:00,Annual,Population on 1 January - total,Slovenia,2005,1997590,,
ESTAT:DEMO_GIND(1.0),09/01/25 23:00:00,Annual,Population on 1 January - total,Slovenia,2006,2003358,,
ESTAT:DEMO_GIND(1.0),09/01/25 23:00:00,Annual,Population on 1 January - total,Slovenia,2007,2010377,,
ESTAT:DEMO_GIND(1.0),09/01/25 23:00:00,Annual,Population on 1 January - total,Slovenia,2008,2010269,b,
ESTAT:DEMO_GIND(1.0),09/01/25 23:00:00,Annual,Population on 1 January - total,Slovenia,2009,2032362,,
ESTAT:DEMO_GIND(1.0),09/01/25 23:00:00,Annual,Population on 1 January - total,Slovenia,2010,2046976,,
ESTAT:DEMO_GIND(1.0),09/01/25 23:00:00,Annual,Population on 1 January - total,Slovenia,2011,2050189,,
ESTAT:DEMO_GIND(1.0),09/01/25 23:00:00,Annual,Population on 1 January - total,Slovenia,2012,2055496,,
ESTAT:DEMO_GIND(1.0),09/01/25 23:00:00,Annual,Population on 1 January - total,Slovenia,2013,2058821,,
ESTAT:DEMO_GIND(1.0),09/01/25 23:00:00,Annual,Population on 1 January - total,Slovenia,2014,2061085,,
ESTAT:DEMO_GIND(1.0),09/01/25 23:00:00,Annual,Population on 1 January - total,Slovenia,2015,2062874,,
ESTAT:DEMO_GIND(1.0),09/01/25 23:00:00,Annual,Population on 1 January - total,Slovenia,2016,2064188,,
ESTAT:DEMO_GIND(1.0),09/01/25 23:00:00,Annual,Population on 1 January - total,Slovenia,2017,2065895,,
ESTAT:DEMO_GIND(1.0),09/01/25 23:00:00,Annual,Population on 1 January - total,Slovenia,2018,2066880,,
ESTAT:DEMO_GIND(1.0),09/01/25 23:00:00,Annual,Population on 1 January - total,Slovenia,2019,2080908,,
ESTAT:DEMO_GIND(1.0),09/01/25 23:00:00,Annual,Population on 1 January - total,Slovenia,2020,2095861,,
ESTAT:DEMO_GIND(1.0),09/01/25 23:00:00,Annual,Population on 1 January - total,Slovenia,2021,2108977,,
ESTAT:DEMO_GIND(1.0),09/01/25 23:00:00,Annual,Population on 1 January - total,Slovenia,2022,2107180,,
ESTAT:DEMO_GIND(1.0),09/01/25 23:00:00,Annual,Population on 1 January - total,Slovenia,2023,2116972,,
ESTAT:DEMO_GIND(1.0),09/01/25 23:00:00,Annual,Population on 1 January - total,Slovenia,2024,2123949,,
ESTAT:DEMO_GIND(1.0),09/01/25 23:00:00,Annual,Population on 1 January - total,Slovakia,1995,5356207,,
ESTAT:DEMO_GIND(1.0),09/01/25 23:00:00,Annual,Population on 1 January - total,Slovakia,1996,5367790,,
ESTAT:DEMO_GIND(1.0),09/01/25 23:00:00,Annual,Population on 1 January - total,Slovakia,1997,5378932,,
ESTAT:DEMO_GIND(1.0),09/01/25 23:00:00,Annual,Population on 1 January - total,Slovakia,1998,5387650,,
ESTAT:DEMO_GIND(1.0),09/01/25 23:00:00,Annual,Population on 1 January - total,Slovakia,1999,5393382,,
ESTAT:DEMO_GIND(1.0),09/01/25 23:00:00,Annual,Population on 1 January - total,Slovakia,2000,5398657,,
ESTAT:DEMO_GIND(1.0),09/01/25 23:00:00,Annual,Population on 1 January - total,Slovakia,2001,5378783,,
ESTAT:DEMO_GIND(1.0),09/01/25 23:00:00,Annual,Population on 1 January - total,Slovakia,2002,5378951,,
ESTAT:DEMO_GIND(1.0),09/01/25 23:00:00,Annual,Population on 1 January - total,Slovakia,2003,5374873,,
ESTAT:DEMO_GIND(1.0),09/01/25 23:00:00,Annual,Population on 1 January - total,Slovakia,2004,5371875,,
ESTAT:DEMO_GIND(1.0),09/01/25 23:00:00,Annual,Population on 1 January - total,Slovakia,2005,5372685,,
ESTAT:DEMO_GIND(1.0),09/01/25 23:00:00,Annual,Population on 1 January - total,Slovakia,2006,5372928,,
ESTAT:DEMO_GIND(1.0),09/01/25 23:00:00,Annual,Population on 1 January - total,Slovakia,2007,5373180,,
ESTAT:DEMO_GIND(1.0),09/01/25 23:00:00,Annual,Population on 1 January - total,Slovakia,2008,5376064,,
ESTAT:DEMO_GIND(1.0),09/01/25 23:00:00,Annual,Population on 1 January - total,Slovakia,2009,5382401,,
ESTAT:DEMO_GIND(1.0),09/01/25 23:00:00,Annual,Population on 1 January - total,Slovakia,2010,5390410,,
ESTAT:DEMO_GIND(1.0),09/01/25 23:00:00,Annual,Population on 1 January - total,Slovakia,2011,5392446,,
ESTAT:DEMO_GIND(1.0),09/01/25 23:00:00,Annual,Population on 1 January - total,Slovakia,2012,5404322,,
ESTAT:DEMO_GIND(1.0),09/01/25 23:00:00,Annual,Population on 1 January - total,Slovakia,2013,5410836,,
ESTAT:DEMO_GIND(1.0),09/01/25 23:00:00,Annual,Population on 1 January - total,Slovakia,2014,5415949,,
ESTAT:DEMO_GIND(1.0),09/01/25 23:00:00,Annual,Population on 1 January - total,Slovakia,2015,5421349,,
ESTAT:DEMO_GIND(1.0),09/01/25 23:00:00,Annual,Population on 1 January - total,Slovakia,2016,5426252,,
ESTAT:DEMO_GIND(1.0),09/01/25 23:00:00,Annual,Population on 1 January - total,Slovakia,2017,5435343,,
ESTAT:DEMO_GIND(1.0),09/01/25 23:00:00,Annual,Population on 1 January - total,Slovakia,2018,5443120,,
ESTAT:DEMO_GIND(1.0),09/01/25 23:00:00,Annual,Population on 1 January - total,Slovakia,2019,5450421,,
ESTAT:DEMO_GIND(1.0),09/01/25 23:00:00,Annual,Population on 1 January - total,Slovakia,2020,5457873,,
ESTAT:DEMO_GIND(1.0),09/01/25 23:00:00,Annual,Population on 1 January - total,Slovakia,2021,5459781,,
ESTAT:DEMO_GIND(1.0),09/01/25 23:00:00,Annual,Population on 1 January - total,Slovakia,2022,5434712,,
ESTAT:DEMO_GIND(1.0),09/01/25 23:00:00,Annual,Population on 1 January - total,Slovakia,2023,5428792,,
ESTAT:DEMO_GIND(1.0),09/01/25 23:00:00,Annual,Population on 1 January - total,Slovakia,2024,5424687,,
