DATAFLOW,LAST UPDATE,freq,unit,geo,TIME_PERIOD,OBS_VALUE,OBS_FLAG,CONF_STATUS
ESTAT:DEMO_R_D3DENS(1.0),26/03/24 23:00:00,Annual,Persons per square kilometre,Austria,1995,96.3,,
ESTAT:DEMO_R_D3DENS(1.0),26/03/24 23:00:00,Annual,Persons per square kilometre,Austria,1996,96.5,,
ESTAT:DEMO_R_D3DENS(1.0),26/03/24 23:00:00,Annual,Persons per square kilometre,Austria,1997,96.6,,
ESTAT:DEMO_R_D3DENS(1.0),26/03/24 23:00:00,Annual,Persons per square kilometre,Austria,1998,96.7,,
ESTAT:DEMO_R_D3DENS(1.0),26/03/24 23:00:00,Annual,Persons per square kilometre,Austria,1999,96.9,,
ESTAT:DEMO_R_D3DENS(1.0),26/03/24 23:00:00,Annual,Persons per square kilometre,Austria,2000,97.2,,
ESTAT:DEMO_R_D3DENS(1.0),26/03/24 23:00:00,Annual,Persons per square kilometre,Austria,2001,97.5,,
ESTAT:DEMO_R_D3DENS(1.0),26/03/24 23:00:00,Annual,Persons per square kilometre,Austria,2002,98.0,,
ESTAT:DEMO_R_D3DENS(1.0),26/03/24 23:00:00,Annual,Persons per square kilometre,Austria,2003,98.5,,
ESTAT:DEMO_R_D3DENS(1.0),26/03/24 23:00:00,Annual,Persons per square kilometre,Austria,2004,99.1,,
ESTAT:DEMO_R_D3DENS(1.0),26/03/24 23:00:00,Annual,Persons per square kilometre,Austria,2005,99.8,,
ESTAT:DEMO_R_D3DENS(1.0),26/03/24 23:00:00,Annual,Persons per square kilometre,Austria,2006,100.3,,
ESTAT:DEMO_R_D3DENS(1.0),26/03/24 23:00:00,Annual,Persons per square kilometre,Austria,2007,100.6,,
ESTAT:DEMO_R_D3DENS(1.0),26/03/24 23:00:00,Annual,Persons per square kilometre,Austria,2008,100.9,,
ESTAT:DEMO_R_D3DENS(1.0),26/03/24 23:00:00,Annual,Persons per square kilometre,Austria,2009,101.2,,
ESTAT:DEMO_R_D3DENS(1.0),26/03/24 23:00:00,Annual,Persons per square kilometre,Austria,2010,101.5,,
ESTAT:DEMO_R_D3DENS(1.0),26/03/24 23:00:00,Annual,Persons per square kilometre,Austria,2011,101.8,,
ESTAT:DEMO_R_D3DENS(1.0),26/03/24 23:00:00,Annual,Persons per square kilometre,Austria,2012,102.3,,
ESTAT:DEMO_R_D3DENS(1.0),26/03/24 23:00:00,Annual,Persons per square kilometre,Austria,2013,102.9,,
ESTAT:DEMO_R_D3DENS(1.0),26/03/24 23:00:00,Annual,Persons per square kilometre,Austria,2014,103.7,,
ESTAT:DEMO_R_D3DENS(1.0),26/03/24 23:00:00,Annual,Persons per square kilometre,Austria,2015,104.9,,
ESTAT:DEMO_R_D3DENS(1.0),26/03/24 23:00:00,Annual,Persons per square kilometre,Austria,2016,106.0,b,
ESTAT:DEMO_R_D3DENS(1.0),26/03/24 23:00:00,Annual,Persons per square kilometre,Austria,2017,106.8,,
ESTAT:DEMO_R_D3DENS(1.0),26/03/24 23:00:00,Annual,Persons per square kilometre,Austria,2018,107.1,,
ESTAT:DEMO_R_D3DENS(1.0),26/03/24 23:00:00,Annual,Persons per square kilometre,Austria,2019,107.6,,
ESTAT:DEMO_R_D3DENS(1.0),26/03/24 23:00:00,Annual,Persons per square kilometre,Austria,2020,107.6,,
ESTAT:DEMO_R_D3DENS(1.0),26/03/24 23:00:00,Annual,Persons per square kilometre,Austria,2021,108.1,,
ESTAT:DEMO_R_D3DENS(1.0),26/03/24 23:00:00,Annual,Persons per square kilometre,Austria,2022,109.6,,
ESTAT:DEMO_R_D3DENS(1.0),26/03/24 23:00:00,Annual,Persons per square kilometre,Belgium,1995,334.2,,
ESTAT:DEMO_R_D3DENS(1.0),26/03/24 23:00:00,Annual,Persons per square kilometre,Belgium,1996,334.9,,
ESTAT:DEMO_R_D3DENS(1.0),26/03/24 23:00:00,Annual,Persons per square kilometre,Belgium,1997,335.7,,
ESTAT:DEMO_R_D3DENS(1.0),26/03/24 23:00:00,Annual,Persons per square kilometre,Belgium,1998,336.4,,
ESTAT:DEMO_R_D3DENS(1.0),26/03/24 23:00:00,Annual,Persons per square kilometre,Belgium,1999,336.8,,
ESTAT:DEMO_R_D3DENS(1.0),26/03/24 23:00:00,Annual,Persons per square kilometre,Belgium,2000,338.0,,
ESTAT:DEMO_R_D3DENS(1.0),26/03/24 23:00:00,Annual,Persons per square kilometre,Belgium,2001,339.2,,
ESTAT:DEMO_R_D3DENS(1.0),26/03/24 23:00:00,Annual,Persons per square kilometre,Belgium,2002,340.7,,
ESTAT:DEMO_R_D3DENS(1.0),26/03/24 23:00:00,Annual,Persons per square kilometre,Belgium,2003,342.1,,
ESTAT:DEMO_R_D3DENS(1.0),26/03/24 23:00:00,Annual,Persons per square kilometre,Belgium,2004,343.6,,
ESTAT:DEMO_R_D3DENS(1.0),26/03/24 23:00:00,Annual,Persons per square kilometre,Belgium,2005,345.5,,
ESTAT:DEMO_R_D3DENS(1.0),26/03/24 23:00:00,Annual,Persons per square kilometre,Belgium,2006,347.8,,
ESTAT:DEMO_R_D3DENS(1.0),26/03/24 23:00:00,Annual,Persons per square kilometre,Belgium,2007,350.4,,
ESTAT:DEMO_R_D3DENS(1.0),26/03/24 23:00:00,Annual,Persons per square kilometre,Belgium,2008,353.1,,
ESTAT:DEMO_R_D3DENS(1.0),26/03/24 23:00:00,Annual,Persons per square kilometre,Belgium,2009,356.0,,
ESTAT:DEMO_R_D3DENS(1.0),26/03/24 23:00:00,Annual,Persons per square kilometre,Belgium,2010,359.5,,
ESTAT:DEMO_R_D3DENS(1.0),26/03/24 23:00:00,Annual,Persons per square kilometre,Belgium,2011,364.3,,
ESTAT:DEMO_R_D3DENS(1.0),26/03/24 23:00:00,Annual,Persons per square kilometre,Belgium,2012,366.3,,
ESTAT:DEMO_R_D3DENS(1.0),26/03/24 23:00:00,Annual,Persons per square kilometre,Belgium,2013,368.0,,
ESTAT:DEMO_R_D3DENS(1.0),26/03/24 23:00:00,Annual,Persons per square kilometre,Belgium,2014,369.6,,
ESTAT:DEMO_R_D3DENS(1.0),26/03/24 23:00:00,Annual,Persons per square kilometre,Belgium,2015,371.8,,
ESTAT:DEMO_R_D3DENS(1.0),26/03/24 23:00:00,Annual,Persons per square kilometre,Belgium,2016,373.7,b,
ESTAT:DEMO_R_D3DENS(1.0),26/03/24 23:00:00,Annual,Persons per square kilometre,Belgium,2017,373.6,,
ESTAT:DEMO_R_D3DENS(1.0),26/03/24 23:00:00,Annual,Persons per square kilometre,Belgium,2018,375.3,,
ESTAT:DEMO_R_D3DENS(1.0),26/03/24 23:00:00,Annual,Persons per square kilometre,Belgium,2019,377.3,,
ESTAT:DEMO_R_D3DENS(1.0),26/03/24 23:00:00,Annual,Persons per square kilometre,Belgium,2020,377.3,,
ESTAT:DEMO_R_D3DENS(1.0),26/03/24 23:00:00,Annual,Persons per square kilometre,Belgium,2021,378.9,,
ESTAT:DEMO_R_D3DENS(1.0),26/03/24 23:00:00,Annual,Persons per square kilometre,Belgium,2022,383.6,,
ESTAT:DEMO_R_D3DENS(1.0),26/03/24 23:00:00,Annual,Persons per square kilometre,Bulgaria,1995,74.7,,
ESTAT:DEMO_R_D3DENS(1.0),26/03/24 23:00:00,Annual,Persons per square kilometre,Bulgaria,1996,75.7,,
ESTAT:DEMO_R_D3DENS(1.0),26/03/24 23:00:00,Annual,Persons per square kilometre,Bulgaria,1997,75.1,,
ESTAT:DEMO_R_D3DENS(1.0),26/03/24 23:00:00,Annual,Persons per square kilometre,Bulgaria,1998,74.4,,
ESTAT:DEMO_R_D3DENS(1.0),26/03/24 23:00:00,Annual,Persons per square kilometre,Bulgaria,1999,74.0,,
ESTAT:DEMO_R_D3DENS(1.0),26/03/24 23:00:00,Annual,Persons per square kilometre,Bulgaria,2000,73.6,,
ESTAT:DEMO_R_D3DENS(1.0),26/03/24 23:00:00,Annual,Persons per square kilometre,Bulgaria,2001,72.3,,
ESTAT:DEMO_R_D3DENS(1.0),26/03/24 23:00:00,Annual,Persons per square kilometre,Bulgaria,2002,70.6,,
ESTAT:DEMO_R_D3DENS(1.0),26/03/24 23:00:00,Annual,Persons per square kilometre,Bulgaria,2003,70.0,,
ESTAT:DEMO_R_D3DENS(1.0),26/03/24 23:00:00,Annual,Persons per square kilometre,Bulgaria,2004,69.5,,
ESTAT:DEMO_R_D3DENS(1.0),26/03/24 23:00:00,Annual,Persons per square kilometre,Bulgaria,2005,69.0,,
ESTAT:DEMO_R_D3DENS(1.0),26/03/24 23:00:00,Annual,Persons per square kilometre,Bulgaria,2006,68.5,,
ESTAT:DEMO_R_D3DENS(1.0),26/03/24 23:00:00,Annual,Persons per square kilometre,Bulgaria,2007,68.0,,
ESTAT:DEMO_R_D3DENS(1.0),26/03/24 23:00:00,Annual,Persons per square kilometre,Bulgaria,2008,67.5,,
ESTAT:DEMO_R_D3DENS(1.0),26/03/24 23:00:00,Annual,Persons per square kilometre,Bulgaria,2009,67.1,,
ESTAT:DEMO_R_D3DENS(1.0),26/03/24 23:00:00,Annual,Persons per square kilometre,Bulgaria,2010,67.9,,
ESTAT:DEMO_R_D3DENS(1.0),26/03/24 23:00:00,Annual,Persons per square kilometre,Bulgaria,2011,67.5,,
ESTAT:DEMO_R_D3DENS(1.0),26/03/24 23:00:00,Annual,Persons per square kilometre,Bulgaria,2012,67.1,,
ESTAT:DEMO_R_D3DENS(1.0),26/03/24 23:00:00,Annual,Persons per square kilometre,Bulgaria,2013,66.7,,
ESTAT:DEMO_R_D3DENS(1.0),26/03/24 23:00:00,Annual,Persons per square kilometre,Bulgaria,2014,66.3,,
ESTAT:DEMO_R_D3DENS(1.0),26/03/24 23:00:00,Annual,Persons per square kilometre,Bulgaria,2015,66.2,,
ESTAT:DEMO_R_D3DENS(1.0),26/03/24 23:00:00,Annual,Persons per square kilometre,Bulgaria,2016,64.8,b,
ESTAT:DEMO_R_D3DENS(1.0),26/03/24 23:00:00,Annual,Persons per square kilometre,Bulgaria,2017,64.3,,
ESTAT:DEMO_R_D3DENS(1.0),26/03/24 23:00:00,Annual,Persons per square kilometre,Bulgaria,2018,63.9,,
ESTAT:DEMO_R_D3DENS(1.0),26/03/24 23:00:00,Annual,Persons per square kilometre,Bulgaria,2019,63.4,,
ESTAT:DEMO_R_D3DENS(1.0),26/03/24 23:00:00,Annual,Persons per square kilometre,Bulgaria,2020,63.4,,
ESTAT:DEMO_R_D3DENS(1.0),26/03/24 23:00:00,Annual,Persons per square kilometre,Bulgaria,2021,63.0,,
ESTAT:DEMO_R_D3DENS(1.0),26/03/24 23:00:00,Annual,Persons per square kilometre,Bulgaria,2022,60.4,b,
ESTAT:DEMO_R_D3DENS(1.0),26/03/24 23:00:00,Annual,Persons per square kilometre,Cyprus,1995,70.4,,
ESTAT:DEMO_R_D3DENS(1.0),26/03/24 23:00:00,Annual,Persons per square kilometre,Cyprus,1996,71.5,,
ESTAT:DEMO_R_D3DENS(1.0),26/03/24 23:00:00,Annual,Persons per square kilometre,Cyprus,1997,72.5,,
ESTAT:DEMO_R_D3DENS(1.0),26/03/24 23:00:00,Annual,Persons per square kilometre,Cyprus,1998,73.4,,
ESTAT:DEMO_R_D3DENS(1.0),26/03/24 23:00:00,Annual,Persons per square kilometre,Cyprus,1999,74.2,,
ESTAT:DEMO_R_D3DENS(1.0),26/03/24 23:00:00,Annual,Persons per square kilometre,Cyprus,2000,75.0,,
ESTAT:DEMO_R_D3DENS(1.0),26/03/24 23:00:00,Annual,Persons per square kilometre,Cyprus,2001,75.8,,
ESTAT:DEMO_R_D3DENS(1.0),26/03/24 23:00:00,Annual,Persons per square kilometre,Cyprus,2002,76.7,,
ESTAT:DEMO_R_D3DENS(1.0),26/03/24 23:00:00,Annual,Persons per square kilometre,Cyprus,2003,77.7,,
ESTAT:DEMO_R_D3DENS(1.0),26/03/24 23:00:00,Annual,Persons per square kilometre,Cyprus,2004,78.7,,
ESTAT:DEMO_R_D3DENS(1.0),26/03/24 23:00:00,Annual,Persons per square kilometre,Cyprus,2005,79.8,,
ESTAT:DEMO_R_D3DENS(1.0),26/03/24 23:00:00,Annual,Persons per square kilometre,Cyprus,2006,81.2,,
ESTAT:DEMO_R_D3DENS(1.0),26/03/24 23:00:00,Annual,Persons per square kilometre,Cyprus,2007,82.9,,
ESTAT:DEMO_R_D3DENS(1.0),26/03/24 23:00:00,Annual,Persons per square kilometre,Cyprus,2008,85.4,,
ESTAT:DEMO_R_D3DENS(1.0),26/03/24 23:00:00,Annual,Persons per square kilometre,Cyprus,2009,87.7,,
ESTAT:DEMO_R_D3DENS(1.0),26/03/24 23:00:00,Annual,Persons per square kilometre,Cyprus,2010,90.0,,
ESTAT:DEMO_R_D3DENS(1.0),26/03/24 23:00:00,Annual,Persons per square kilometre,Cyprus,2011,92.3,,
ESTAT:DEMO_R_D3DENS(1.0),26/03/24 23:00:00,Annual,Persons per square kilometre,Cyprus,2012,93.8,,
ESTAT:DEMO_R_D3DENS(1.0),26/03/24 23:00:00,Annual,Persons per square kilometre,Cyprus,2013,93.5,,
ESTAT:DEMO_R_D3DENS(1.0),26/03/24 23:00:00,Annual,Persons per square kilometre,Cyprus,2014,92.5,,
ESTAT:DEMO_R_D3DENS(1.0),26/03/24 23:00:00,Annual,Persons per square kilometre,Cyprus,2015,92.0,,
ESTAT:DEMO_R_D3DENS(1.0),26/03/24 23:00:00,Annual,Persons per square kilometre,Cyprus,2016,92.4,b,
ESTAT:DEMO_R_D3DENS(1.0),26/03/24 23:00:00,Annual,Persons per square kilometre,Cyprus,2017,93.3,,
ESTAT:DEMO_R_D3DENS(1.0),26/03/24 23:00:00,Annual,Persons per square kilometre,Cyprus,2018,94.4,,
ESTAT:DEMO_R_D3DENS(1.0),26/03/24 23:00:00,Annual,Persons per square kilometre,Cyprus,2019,95.7,,
ESTAT:DEMO_R_D3DENS(1.0),26/03/24 23:00:00,Annual,Persons per square kilometre,Cyprus,2020,95.7,,
ESTAT:DEMO_R_D3DENS(1.0),26/03/24 23:00:00,Annual,Persons per square kilometre,Cyprus,2021,96.8,,
ESTAT:DEMO_R_D3DENS(1.0),26/03/24 23:00:00,Annual,Persons per square kilometre,Cyprus,2022,99.1,,
ESTAT:DEMO_R_D3DENS(1.0),26/03/24 23:00:00,Annual,Persons per square kilometre,Czechia,1995,133.7,,
ESTAT:DEMO_R_D3DENS(1.0),26/03/24 23:00:00,Annual,Persons per square kilometre,Czechia,1996,133.5,,
ESTAT:DEMO_R_D3DENS(1.0),26/03/24 23:00:00,Annual,Persons per square kilometre,Czechia,1997,133.3,,
ESTAT:DEMO_R_D3DENS(1.0),26/03/24 23:00:00,Annual,Persons per square kilometre,Czechia,1998,133.2,,
ESTAT:DEMO_R_D3DENS(1.0),26/03/24 23:00:00,Annual,Persons per square kilometre,Czechia,1999,133.1,,
ESTAT:DEMO_R_D3DENS(1.0),26/03/24 23:00:00,Annual,Persons per square kilometre,Czechia,2000,132.7,,
ESTAT:DEMO_R_D3DENS(1.0),26/03/24 23:00:00,Annual,Persons per square kilometre,Czechia,2001,132.2,,
ESTAT:DEMO_R_D3DENS(1.0),26/03/24 23:00:00,Annual,Persons per square kilometre,Czechia,2002,132.0,,
ESTAT:DEMO_R_D3DENS(1.0),26/03/24 23:00:00,Annual,Persons per square kilometre,Czechia,2003,131.9,,
ESTAT:DEMO_R_D3DENS(1.0),26/03/24 23:00:00,Annual,Persons per square kilometre,Czechia,2004,132.0,,
ESTAT:DEMO_R_D3DENS(1.0),26/03/24 23:00:00,Annual,Persons per square kilometre,Czechia,2005,132.2,,
ESTAT:DEMO_R_D3DENS(1.0),26/03/24 23:00:00,Annual,Persons per square kilometre,Czechia,2006,132.5,,
ESTAT:DEMO_R_D3DENS(1.0),26/03/24 23:00:00,Annual,Persons per square kilometre,Czechia,2007,133.3,,
ESTAT:DEMO_R_D3DENS(1.0),26/03/24 23:00:00,Annual,Persons per square kilometre,Czechia,2008,134.4,,
ESTAT:DEMO_R_D3DENS(1.0),26/03/24 23:00:00,Annual,Persons per square kilometre,Czechia,2009,135.2,,
ESTAT:DEMO_R_D3DENS(1.0),26/03/24 23:00:00,Annual,Persons per square kilometre,Czechia,2010,135.6,,
ESTAT:DEMO_R_D3DENS(1.0),26/03/24 23:00:00,Annual,Persons per square kilometre,Czechia,2011,135.9,,
ESTAT:DEMO_R_D3DENS(1.0),26/03/24 23:00:00,Annual,Persons per square kilometre,Czechia,2012,136.1,,
ESTAT:DEMO_R_D3DENS(1.0),26/03/24 23:00:00,Annual,Persons per square kilometre,Czechia,2013,136.1,,
ESTAT:DEMO_R_D3DENS(1.0),26/03/24 23:00:00,Annual,Persons per square kilometre,Czechia,2014,136.3,,
ESTAT:DEMO_R_D3DENS(1.0),26/03/24 23:00:00,Annual,Persons per square kilometre,Czechia,2015,136.6,,
ESTAT:DEMO_R_D3DENS(1.0),26/03/24 23:00:00,Annual,Persons per square kilometre,Czechia,2016,136.8,b,
ESTAT:DEMO_R_D3DENS(1.0),26/03/24 23:00:00,Annual,Persons per square kilometre,Czechia,2017,137.2,,
ESTAT:DEMO_R_D3DENS(1.0),26/03/24 23:00:00,Annual,Persons per square kilometre,Czechia,2018,137.7,,
ESTAT:DEMO_R_D3DENS(1.0),26/03/24 23:00:00,Annual,Persons per square kilometre,Czechia,2019,138.2,,
ESTAT:DEMO_R_D3DENS(1.0),26/03/24 23:00:00,Annual,Persons per square kilometre,Czechia,2020,138.2,,
ESTAT:DEMO_R_D3DENS(1.0),26/03/24 23:00:00,Annual,Persons per square kilometre,Czechia,2021,138.6,,
ESTAT:DEMO_R_D3DENS(1.0),26/03/24 23:00:00,Annual,Persons per square kilometre,Czechia,2022,138.2,,
ESTAT:DEMO_R_D3DENS(1.0),26/03/24 23:00:00,Annual,Persons per square kilometre,Germany,1995,228.8,,
ESTAT:DEMO_R_D3DENS(1.0),26/03/24 23:00:00,Annual,Persons per square kilometre,Germany,1996,229.4,,
ESTAT:DEMO_R_D3DENS(1.0),26/03/24 23:00:00,Annual,Persons per square kilometre,Germany,1997,229.8,,
ESTAT:DEMO_R_D3DENS(1.0),26/03/24 23:00:00,Annual,Persons per square kilometre,Germany,1998,229.7,,
ESTAT:DEMO_R_D3DENS(1.0),26/03/24 23:00:00,Annual,Persons per square kilometre,Germany,1999,230.0,,
ESTAT:DEMO_R_D3DENS(1.0),26/03/24 23:00:00,Annual,Persons per square kilometre,Germany,2000,230.3,,
ESTAT:DEMO_R_D3DENS(1.0),26/03/24 23:00:00,Annual,Persons per square kilometre,Germany,2001,230.7,,
ESTAT:DEMO_R_D3DENS(1.0),26/03/24 23:00:00,Annual,Persons per square kilometre,Germany,2002,231.0,,
ESTAT:DEMO_R_D3DENS(1.0),26/03/24 23:00:00,Annual,Persons per square kilometre,Germany,2003,231.2,,
ESTAT:DEMO_R_D3DENS(1.0),26/03/24 23:00:00,Annual,Persons per square kilometre,Germany,2004,231.1,,
ESTAT:DEMO_R_D3DENS(1.0),26/03/24 23:00:00,Annual,Persons per square kilometre,Germany,2005,230.9,,
ESTAT:DEMO_R_D3DENS(1.0),26/03/24 23:00:00,Annual,Persons per square kilometre,Germany,2006,230.7,,
ESTAT:DEMO_R_D3DENS(1.0),26/03/24 23:00:00,Annual,Persons per square kilometre,Germany,2007,230.4,,
ESTAT:DEMO_R_D3DENS(1.0),26/03/24 23:00:00,Annual,Persons per square kilometre,Germany,2008,229.9,,
ESTAT:DEMO_R_D3DENS(1.0),26/03/24 23:00:00,Annual,Persons per square kilometre,Germany,2009,229.3,,
ESTAT:DEMO_R_D3DENS(1.0),26/03/24 23:00:00,Annual,Persons per square kilometre,Germany,2010,229.0,,
ESTAT:DEMO_R_D3DENS(1.0),26/03/24 23:00:00,Annual,Persons per square kilometre,Germany,2011,224.8,,
ESTAT:DEMO_R_D3DENS(1.0),26/03/24 23:00:00,Annual,Persons per square kilometre,Germany,2012,225.2,,
ESTAT:DEMO_R_D3DENS(1.0),26/03/24 23:00:00,Annual,Persons per square kilometre,Germany,2013,225.8,,
ESTAT:DEMO_R_D3DENS(1.0),26/03/24 23:00:00,Annual,Persons per square kilometre,Germany,2014,226.5,,
ESTAT:DEMO_R_D3DENS(1.0),26/03/24 23:00:00,Annual,Persons per square kilometre,Germany,2015,228.4,,
ESTAT:DEMO_R_D3DENS(1.0),26/03/24 23:00:00,Annual,Persons per square kilometre,Germany,2016,233.1,b,
ESTAT:DEMO_R_D3DENS(1.0),26/03/24 23:00:00,Annual,Persons per square kilometre,Germany,2017,234.0,,
ESTAT:DEMO_R_D3DENS(1.0),26/03/24 23:00:00,Annual,Persons per square kilometre,Germany,2018,234.7,,
ESTAT:DEMO_R_D3DENS(1.0),26/03/24 23:00:00,Annual,Persons per square kilometre,Germany,2019,235.2,,
ESTAT:DEMO_R_D3DENS(1.0),26/03/24 23:00:00,Annual,Persons per square kilometre,Germany,2020,235.2,,
ESTAT:DEMO_R_D3DENS(1.0),26/03/24 23:00:00,Annual,Persons per square kilometre,Germany,2021,235.4,,
ESTAT:DEMO_R_D3DENS(1.0),26/03/24 23:00:00,Annual,Persons per square kilometre,Germany,2022,237.2,e,
ESTAT:DEMO_R_D3DENS(1.0),26/03/24 23:00:00,Annual,Persons per square kilometre,Denmark,1995,121.3,,
ESTAT:DEMO_R_D3DENS(1.0),26/03/24 23:00:00,Annual,Persons per square kilometre,Denmark,1996,122.1,,
ESTAT:DEMO_R_D3DENS(1.0),26/03/24 23:00:00,Annual,Persons per square kilometre,Denmark,1997,122.6,,
ESTAT:DEMO_R_D3DENS(1.0),26/03/24 23:00:00,Annual,Persons per square kilometre,Denmark,1998,123.1,,
ESTAT:DEMO_R_D3DENS(1.0),26/03/24 23:00:00,Annual,Persons per square kilometre,Denmark,1999,123.4,,
ESTAT:DEMO_R_D3DENS(1.0),26/03/24 23:00:00,Annual,Persons per square kilometre,Denmark,2000,123.9,,
ESTAT:DEMO_R_D3DENS(1.0),26/03/24 23:00:00,Annual,Persons per square kilometre,Denmark,2001,124.3,,
ESTAT:DEMO_R_D3DENS(1.0),26/03/24 23:00:00,Annual,Persons per square kilometre,Denmark,2002,124.7,,
ESTAT:DEMO_R_D3DENS(1.0),26/03/24 23:00:00,Annual,Persons per square kilometre,Denmark,2003,125.1,,
ESTAT:DEMO_R_D3DENS(1.0),26/03/24 23:00:00,Annual,Persons per square kilometre,Denmark,2004,125.4,,
ESTAT:DEMO_R_D3DENS(1.0),26/03/24 23:00:00,Annual,Persons per square kilometre,Denmark,2005,125.7,,
ESTAT:DEMO_R_D3DENS(1.0),26/03/24 23:00:00,Annual,Persons per square kilometre,Denmark,2006,126.2,,
ESTAT:DEMO_R_D3DENS(1.0),26/03/24 23:00:00,Annual,Persons per square kilometre,Denmark,2007,126.7,,
ESTAT:DEMO_R_D3DENS(1.0),26/03/24 23:00:00,Annual,Persons per square kilometre,Denmark,2008,127.5,,
ESTAT:DEMO_R_D3DENS(1.0),26/03/24 23:00:00,Annual,Persons per square kilometre,Denmark,2009,128.2,,
ESTAT:DEMO_R_D3DENS(1.0),26/03/24 23:00:00,Annual,Persons per square kilometre,Denmark,2010,128.7,,
ESTAT:DEMO_R_D3DENS(1.0),26/03/24 23:00:00,Annual,Persons per square kilometre,Denmark,2011,129.7,,
ESTAT:DEMO_R_D3DENS(1.0),26/03/24 23:00:00,Annual,Persons per square kilometre,Denmark,2012,130.4,,
ESTAT:DEMO_R_D3DENS(1.0),26/03/24 23:00:00,Annual,Persons per square kilometre,Denmark,2013,130.8,,
ESTAT:DEMO_R_D3DENS(1.0),26/03/24 23:00:00,Annual,Persons per square kilometre,Denmark,2014,131.5,,
ESTAT:DEMO_R_D3DENS(1.0),26/03/24 23:00:00,Annual,Persons per square kilometre,Denmark,2015,132.4,,
ESTAT:DEMO_R_D3DENS(1.0),26/03/24 23:00:00,Annual,Persons per square kilometre,Denmark,2016,136.4,b,
ESTAT:DEMO_R_D3DENS(1.0),26/03/24 23:00:00,Annual,Persons per square kilometre,Denmark,2017,137.3,,
ESTAT:DEMO_R_D3DENS(1.0),26/03/24 23:00:00,Annual,Persons per square kilometre,Denmark,2018,138.0,,
ESTAT:DEMO_R_D3DENS(1.0),26/03/24 23:00:00,Annual,Persons per square kilometre,Denmark,2019,138.5,,
ESTAT:DEMO_R_D3DENS(1.0),26/03/24 23:00:00,Annual,Persons per square kilometre,Denmark,2020,138.5,,
ESTAT:DEMO_R_D3DENS(1.0),26/03/24 23:00:00,Annual,Persons per square kilometre,Denmark,2021,138.9,,
ESTAT:DEMO_R_D3DENS(1.0),26/03/24 23:00:00,Annual,Persons per square kilometre,Denmark,2022,140.6,,
ESTAT:DEMO_R_D3DENS(1.0),26/03/24 23:00:00,Annual,Persons per square kilometre,Estonia,1995,33.1,,
ESTAT:DEMO_R_D3DENS(1.0),26/03/24 23:00:00,Annual,Persons per square kilometre,Estonia,1996,32.6,,
ESTAT:DEMO_R_D3DENS(1.0),26/03/24 23:00:00,Annual,Persons per square kilometre,Estonia,1997,32.2,,
ESTAT:DEMO_R_D3DENS(1.0),26/03/24 23:00:00,Annual,Persons per square kilometre,Estonia,1998,31.9,,
ESTAT:DEMO_R_D3DENS(1.0),26/03/24 23:00:00,Annual,Persons per square kilometre,Estonia,1999,31.7,,
ESTAT:DEMO_R_D3DENS(1.0),26/03/24 23:00:00,Annual,Persons per square kilometre,Estonia,2000,32.2,,
ESTAT:DEMO_R_D3DENS(1.0),26/03/24 23:00:00,Annual,Persons per square kilometre,Estonia,2001,32.0,,
ESTAT:DEMO_R_D3DENS(1.0),26/03/24 23:00:00,Annual,Persons per square kilometre,Estonia,2002,31.8,,
ESTAT:DEMO_R_D3DENS(1.0),26/03/24 23:00:00,Annual,Persons per square kilometre,Estonia,2003,31.6,,
ESTAT:DEMO_R_D3DENS(1.0),26/03/24 23:00:00,Annual,Persons per square kilometre,Estonia,2004,31.4,,
ESTAT:DEMO_R_D3DENS(1.0),26/03/24 23:00:00,Annual,Persons per square kilometre,Estonia,2005,31.2,,
ESTAT:DEMO_R_D3DENS(1.0),26/03/24 23:00:00,Annual,Persons per square kilometre,Estonia,2006,31.0,,
ESTAT:DEMO_R_D3DENS(1.0),26/03/24 23:00:00,Annual,Persons per square kilometre,Estonia,2007,30.9,,
ESTAT:DEMO_R_D3DENS(1.0),26/03/24 23:00:00,Annual,Persons per square kilometre,Estonia,2008,30.8,,
ESTAT:DEMO_R_D3DENS(1.0),26/03/24 23:00:00,Annual,Persons per square kilometre,Estonia,2009,30.7,,
ESTAT:DEMO_R_D3DENS(1.0),26/03/24 23:00:00,Annual,Persons per square kilometre,Estonia,2010,30.7,,
ESTAT:DEMO_R_D3DENS(1.0),26/03/24 23:00:00,Annual,Persons per square kilometre,Estonia,2011,30.6,,
ESTAT:DEMO_R_D3DENS(1.0),26/03/24 23:00:00,Annual,Persons per square kilometre,Estonia,2012,30.5,,
ESTAT:DEMO_R_D3DENS(1.0),26/03/24 23:00:00,Annual,Persons per square kilometre,Estonia,2013,30.3,,
ESTAT:DEMO_R_D3DENS(1.0),26/03/24 23:00:00,Annual,Persons per square kilometre,Estonia,2014,30.3,,
ESTAT:DEMO_R_D3DENS(1.0),26/03/24 23:00:00,Annual,Persons per square kilometre,Estonia,2015,30.3,,
ESTAT:DEMO_R_D3DENS(1.0),26/03/24 23:00:00,Annual,Persons per square kilometre,Estonia,2016,30.3,b,
ESTAT:DEMO_R_D3DENS(1.0),26/03/24 23:00:00,Annual,Persons per square kilometre,Estonia,2017,30.3,,
ESTAT:DEMO_R_D3DENS(1.0),26/03/24 23:00:00,Annual,Persons per square kilometre,Estonia,2018,30.4,,
ESTAT:DEMO_R_D3DENS(1.0),26/03/24 23:00:00,Annual,Persons per square kilometre,Estonia,2019,30.5,,
ESTAT:DEMO_R_D3DENS(1.0),26/03/24 23:00:00,Annual,Persons per square kilometre,Estonia,2020,30.5,,
ESTAT:DEMO_R_D3DENS(1.0),26/03/24 23:00:00,Annual,Persons per square kilometre,Estonia,2021,30.6,,
ESTAT:DEMO_R_D3DENS(1.0),26/03/24 23:00:00,Annual,Persons per square kilometre,Estonia,2022,31.0,,
ESTAT:DEMO_R_D3DENS(1.0),26/03/24 23:00:00,Annual,Persons per square kilometre,Greece,1995,80.7,,
ESTAT:DEMO_R_D3DENS(1.0),26/03/24 23:00:00,Annual,Persons per square kilometre,Greece,1996,81.1,,
ESTAT:DEMO_R_D3DENS(1.0),26/03/24 23:00:00,Annual,Persons per square kilometre,Greece,1997,81.5,,
ESTAT:DEMO_R_D3DENS(1.0),26/03/24 23:00:00,Annual,Persons per square kilometre,Greece,1998,81.9,,
ESTAT:DEMO_R_D3DENS(1.0),26/03/24 23:00:00,Annual,Persons per square kilometre,Greece,1999,82.3,,
ESTAT:DEMO_R_D3DENS(1.0),26/03/24 23:00:00,Annual,Persons per square kilometre,Greece,2000,82.6,,
ESTAT:DEMO_R_D3DENS(1.0),26/03/24 23:00:00,Annual,Persons per square kilometre,Greece,2001,83.0,,
ESTAT:DEMO_R_D3DENS(1.0),26/03/24 23:00:00,Annual,Persons per square kilometre,Greece,2002,83.3,,
ESTAT:DEMO_R_D3DENS(1.0),26/03/24 23:00:00,Annual,Persons per square kilometre,Greece,2003,83.5,,
ESTAT:DEMO_R_D3DENS(1.0),26/03/24 23:00:00,Annual,Persons per square kilometre,Greece,2004,83.7,,
ESTAT:DEMO_R_D3DENS(1.0),26/03/24 23:00:00,Annual,Persons per square kilometre,Greece,2005,84.0,,
ESTAT:DEMO_R_D3DENS(1.0),26/03/24 23:00:00,Annual,Persons per square kilometre,Greece,2006,84.2,,
ESTAT:DEMO_R_D3DENS(1.0),26/03/24 23:00:00,Annual,Persons per square kilometre,Greece,2007,84.5,,
ESTAT:DEMO_R_D3DENS(1.0),26/03/24 23:00:00,Annual,Persons per square kilometre,Greece,2008,84.7,,
ESTAT:DEMO_R_D3DENS(1.0),26/03/24 23:00:00,Annual,Persons per square kilometre,Greece,2009,84.9,,
ESTAT:DEMO_R_D3DENS(1.0),26/03/24 23:00:00,Annual,Persons per square kilometre,Greece,2010,85.0,,
ESTAT:DEMO_R_D3DENS(1.0),26/03/24 23:00:00,Annual,Persons per square kilometre,Greece,2011,84.1,,
ESTAT:DEMO_R_D3DENS(1.0),26/03/24 23:00:00,Annual,Persons per square kilometre,Greece,2012,83.6,,
ESTAT:DEMO_R_D3DENS(1.0),26/03/24 23:00:00,Annual,Persons per square kilometre,Greece,2013,83.0,,
ESTAT:DEMO_R_D3DENS(1.0),26/03/24 23:00:00,Annual,Persons per square kilometre,Greece,2014,82.5,,
ESTAT:DEMO_R_D3DENS(1.0),26/03/24 23:00:00,Annual,Persons per square kilometre,Greece,2015,82.7,,
ESTAT:DEMO_R_D3DENS(1.0),26/03/24 23:00:00,Annual,Persons per square kilometre,Greece,2016,82.4,b,
ESTAT:DEMO_R_D3DENS(1.0),26/03/24 23:00:00,Annual,Persons per square kilometre,Greece,2017,82.2,,
ESTAT:DEMO_R_D3DENS(1.0),26/03/24 23:00:00,Annual,Persons per square kilometre,Greece,2018,82.5,,
ESTAT:DEMO_R_D3DENS(1.0),26/03/24 23:00:00,Annual,Persons per square kilometre,Greece,2019,82.4,,
ESTAT:DEMO_R_D3DENS(1.0),26/03/24 23:00:00,Annual,Persons per square kilometre,Greece,2020,82.4,,
ESTAT:DEMO_R_D3DENS(1.0),26/03/24 23:00:00,Annual,Persons per square kilometre,Greece,2021,82.3,,
ESTAT:DEMO_R_D3DENS(1.0),26/03/24 23:00:00,Annual,Persons per square kilometre,Greece,2022,80.3,,
ESTAT:DEMO_R_D3DENS(1.0),26/03/24 23:00:00,Annual,Persons per square kilometre,Spain,1995,78.5,,
ESTAT:DEMO_R_D3DENS(1.0),26/03/24 23:00:00,Annual,Persons per square kilometre,Spain,1996,78.8,,
ESTAT:DEMO_R_D3DENS(1.0),26/03/24 23:00:00,Annual,Persons per square kilometre,Spain,1997,79.2,,
ESTAT:DEMO_R_D3DENS(1.0),26/03/24 23:00:00,Annual,Persons per square kilometre,Spain,1998,79.5,,
ESTAT:DEMO_R_D3DENS(1.0),26/03/24 23:00:00,Annual,Persons per square kilometre,Spain,1999,79.8,,
ESTAT:DEMO_R_D3DENS(1.0),26/03/24 23:00:00,Annual,Persons per square kilometre,Spain,2000,80.2,,
ESTAT:DEMO_R_D3DENS(1.0),26/03/24 23:00:00,Annual,Persons per square kilometre,Spain,2001,80.7,,
ESTAT:DEMO_R_D3DENS(1.0),26/03/24 23:00:00,Annual,Persons per square kilometre,Spain,2002,81.9,,
ESTAT:DEMO_R_D3DENS(1.0),26/03/24 23:00:00,Annual,Persons per square kilometre,Spain,2003,83.4,,
ESTAT:DEMO_R_D3DENS(1.0),26/03/24 23:00:00,Annual,Persons per square kilometre,Spain,2004,84.8,,
ESTAT:DEMO_R_D3DENS(1.0),26/03/24 23:00:00,Annual,Persons per square kilometre,Spain,2005,86.3,,
ESTAT:DEMO_R_D3DENS(1.0),26/03/24 23:00:00,Annual,Persons per square kilometre,Spain,2006,87.7,,
ESTAT:DEMO_R_D3DENS(1.0),26/03/24 23:00:00,Annual,Persons per square kilometre,Spain,2007,90.1,,
ESTAT:DEMO_R_D3DENS(1.0),26/03/24 23:00:00,Annual,Persons per square kilometre,Spain,2008,91.6,,
ESTAT:DEMO_R_D3DENS(1.0),26/03/24 23:00:00,Annual,Persons per square kilometre,Spain,2009,92.4,,
ESTAT:DEMO_R_D3DENS(1.0),26/03/24 23:00:00,Annual,Persons per square kilometre,Spain,2010,92.8,,
ESTAT:DEMO_R_D3DENS(1.0),26/03/24 23:00:00,Annual,Persons per square kilometre,Spain,2011,93.2,,
ESTAT:DEMO_R_D3DENS(1.0),26/03/24 23:00:00,Annual,Persons per square kilometre,Spain,2012,93.2,,
ESTAT:DEMO_R_D3DENS(1.0),26/03/24 23:00:00,Annual,Persons per square kilometre,Spain,2013,92.9,,
ESTAT:DEMO_R_D3DENS(1.0),26/03/24 23:00:00,Annual,Persons per square kilometre,Spain,2014,92.5,,
ESTAT:DEMO_R_D3DENS(1.0),26/03/24 23:00:00,Annual,Persons per square kilometre,Spain,2015,92.5,,
ESTAT:DEMO_R_D3DENS(1.0),26/03/24 23:00:00,Annual,Persons per square kilometre,Spain,2016,92.5,b,
ESTAT:DEMO_R_D3DENS(1.0),26/03/24 23:00:00,Annual,Persons per square kilometre,Spain,2017,92.7,,
ESTAT:DEMO_R_D3DENS(1.0),26/03/24 23:00:00,Annual,Persons per square kilometre,Spain,2018,93.1,,
ESTAT:DEMO_R_D3DENS(1.0),26/03/24 23:00:00,Annual,Persons per square kilometre,Spain,2019,93.8,,
ESTAT:DEMO_R_D3DENS(1.0),26/03/24 23:00:00,Annual,Persons per square kilometre,Spain,2020,93.8,,
ESTAT:DEMO_R_D3DENS(1.0),26/03/24 23:00:00,Annual,Persons per square kilometre,Spain,2021,94.2,,
ESTAT:DEMO_R_D3DENS(1.0),26/03/24 23:00:00,Annual,Persons per square kilometre,Spain,2022,95.0,,
ESTAT:DEMO_R_D3DENS(1.0),26/03/24 23:00:00,Annual,Persons per square kilometre,Finland,1995,16.8,,
ESTAT:DEMO_R_D3DENS(1.0),26/03/24 23:00:00,Annual,Persons per square kilometre,Finland,1996,16.8,,
ESTAT:DEMO_R_D3DENS(1.0),26/03/24 23:00:00,Annual,Persons per square kilometre,Finland,1997,16.9,,
ESTAT:DEMO_R_D3DENS(1.0),26/03/24 23:00:00,Annual,Persons per square kilometre,Finland,1998,16.9,,
ESTAT:DEMO_R_D3DENS(1.0),26/03/24 23:00:00,Annual,Persons per square kilometre,Finland,1999,17.0,,
ESTAT:DEMO_R_D3DENS(1.0),26/03/24 23:00:00,Annual,Persons per square kilometre,Finland,2000,17.0,,
ESTAT:DEMO_R_D3DENS(1.0),26/03/24 23:00:00,Annual,Persons per square kilometre,Finland,2001,17.0,,
ESTAT:DEMO_R_D3DENS(1.0),26/03/24 23:00:00,Annual,Persons per square kilometre,Finland,2002,17.1,,
ESTAT:DEMO_R_D3DENS(1.0),26/03/24 23:00:00,Annual,Persons per square kilometre,Finland,2003,17.1,,
ESTAT:DEMO_R_D3DENS(1.0),26/03/24 23:00:00,Annual,Persons per square kilometre,Finland,2004,17.2,,
ESTAT:DEMO_R_D3DENS(1.0),26/03/24 23:00:00,Annual,Persons per square kilometre,Finland,2005,17.2,,
ESTAT:DEMO_R_D3DENS(1.0),26/03/24 23:00:00,Annual,Persons per square kilometre,Finland,2006,17.3,,
ESTAT:DEMO_R_D3DENS(1.0),26/03/24 23:00:00,Annual,Persons per square kilometre,Finland,2007,17.4,,
ESTAT:DEMO_R_D3DENS(1.0),26/03/24 23:00:00,Annual,Persons per square kilometre,Finland,2008,17.5,,
ESTAT:DEMO_R_D3DENS(1.0),26/03/24 23:00:00,Annual,Persons per square kilometre,Finland,2009,17.6,,
ESTAT:DEMO_R_D3DENS(1.0),26/03/24 23:00:00,Annual,Persons per square kilometre,Finland,2010,17.6,,
ESTAT:DEMO_R_D3DENS(1.0),26/03/24 23:00:00,Annual,Persons per square kilometre,Finland,2011,17.7,,
ESTAT:DEMO_R_D3DENS(1.0),26/03/24 23:00:00,Annual,Persons per square kilometre,Finland,2012,17.8,,
ESTAT:DEMO_R_D3DENS(1.0),26/03/24 23:00:00,Annual,Persons per square kilometre,Finland,2013,17.9,,
ESTAT:DEMO_R_D3DENS(1.0),26/03/24 23:00:00,Annual,Persons per square kilometre,Finland,2014,18.0,,
ESTAT:DEMO_R_D3DENS(1.0),26/03/24 23:00:00,Annual,Persons per square kilometre,Finland,2015,18.0,,
ESTAT:DEMO_R_D3DENS(1.0),26/03/24 23:00:00,Annual,Persons per square kilometre,Finland,2016,18.1,b,
ESTAT:DEMO_R_D3DENS(1.0),26/03/24 23:00:00,Annual,Persons per square kilometre,Finland,2017,18.1,,
ESTAT:DEMO_R_D3DENS(1.0),26/03/24 23:00:00,Annual,Persons per square kilometre,Finland,2018,18.1,,
ESTAT:DEMO_R_D3DENS(1.0),26/03/24 23:00:00,Annual,Persons per square kilometre,Finland,2019,18.2,,
ESTAT:DEMO_R_D3DENS(1.0),26/03/24 23:00:00,Annual,Persons per square kilometre,Finland,2020,18.1,,
ESTAT:DEMO_R_D3DENS(1.0),26/03/24 23:00:00,Annual,Persons per square kilometre,Finland,2021,18.2,,
ESTAT:DEMO_R_D3DENS(1.0),26/03/24 23:00:00,Annual,Persons per square kilometre,Finland,2022,18.3,,
ESTAT:DEMO_R_D3DENS(1.0),26/03/24 23:00:00,Annual,Persons per square kilometre,France,1995,93.9,,
ESTAT:DEMO_R_D3DENS(1.0),26/03/24 23:00:00,Annual,Persons per square kilometre,France,1996,94.2,,
ESTAT:DEMO_R_D3DENS(1.0),26/03/24 23:00:00,Annual,Persons per square kilometre,France,1997,94.5,,
ESTAT:DEMO_R_D3DENS(1.0),26/03/24 23:00:00,Annual,Persons per square kilometre,France,1998,94.9,,
ESTAT:DEMO_R_D3DENS(1.0),26/03/24 23:00:00,Annual,Persons per square kilometre,France,1999,95.4,,
ESTAT:DEMO_R_D3DENS(1.0),26/03/24 23:00:00,Annual,Persons per square kilometre,France,2000,96.0,,
ESTAT:DEMO_R_D3DENS(1.0),26/03/24 23:00:00,Annual,Persons per square kilometre,France,2001,96.7,,
ESTAT:DEMO_R_D3DENS(1.0),26/03/24 23:00:00,Annual,Persons per square kilometre,France,2002,97.4,,
ESTAT:DEMO_R_D3DENS(1.0),26/03/24 23:00:00,Annual,Persons per square kilometre,France,2003,98.1,,
ESTAT:DEMO_R_D3DENS(1.0),26/03/24 23:00:00,Annual,Persons per square kilometre,France,2004,98.8,,
ESTAT:DEMO_R_D3DENS(1.0),26/03/24 23:00:00,Annual,Persons per square kilometre,France,2005,99.6,,
ESTAT:DEMO_R_D3DENS(1.0),26/03/24 23:00:00,Annual,Persons per square kilometre,France,2006,100.2,,
ESTAT:DEMO_R_D3DENS(1.0),26/03/24 23:00:00,Annual,Persons per square kilometre,France,2007,100.9,,
ESTAT:DEMO_R_D3DENS(1.0),26/03/24 23:00:00,Annual,Persons per square kilometre,France,2008,101.4,,
ESTAT:DEMO_R_D3DENS(1.0),26/03/24 23:00:00,Annual,Persons per square kilometre,France,2009,101.9,,
ESTAT:DEMO_R_D3DENS(1.0),26/03/24 23:00:00,Annual,Persons per square kilometre,France,2010,102.4,,
ESTAT:DEMO_R_D3DENS(1.0),26/03/24 23:00:00,Annual,Persons per square kilometre,France,2011,102.9,,
ESTAT:DEMO_R_D3DENS(1.0),26/03/24 23:00:00,Annual,Persons per square kilometre,France,2012,103.4,,
ESTAT:DEMO_R_D3DENS(1.0),26/03/24 23:00:00,Annual,Persons per square kilometre,France,2013,103.9,,
ESTAT:DEMO_R_D3DENS(1.0),26/03/24 23:00:00,Annual,Persons per square kilometre,France,2014,104.6,,
ESTAT:DEMO_R_D3DENS(1.0),26/03/24 23:00:00,Annual,Persons per square kilometre,France,2015,105.1,,
ESTAT:DEMO_R_D3DENS(1.0),26/03/24 23:00:00,Annual,Persons per square kilometre,France,2016,105.3,,
ESTAT:DEMO_R_D3DENS(1.0),26/03/24 23:00:00,Annual,Persons per square kilometre,France,2017,105.6,,
ESTAT:DEMO_R_D3DENS(1.0),26/03/24 23:00:00,Annual,Persons per square kilometre,France,2018,105.9,,
ESTAT:DEMO_R_D3DENS(1.0),26/03/24 23:00:00,Annual,Persons per square kilometre,France,2019,106.1,,
ESTAT:DEMO_R_D3DENS(1.0),26/03/24 23:00:00,Annual,Persons per square kilometre,France,2020,106.3,,
ESTAT:DEMO_R_D3DENS(1.0),26/03/24 23:00:00,Annual,Persons per square kilometre,France,2021,106.6,p,
ESTAT:DEMO_R_D3DENS(1.0),26/03/24 23:00:00,Annual,Persons per square kilometre,France,2022,107.4,p,
ESTAT:DEMO_R_D3DENS(1.0),26/03/24 23:00:00,Annual,Persons per square kilometre,Croatia,2000,77.8,,
ESTAT:DEMO_R_D3DENS(1.0),26/03/24 23:00:00,Annual,Persons per square kilometre,Croatia,2001,76.1,,
ESTAT:DEMO_R_D3DENS(1.0),26/03/24 23:00:00,Annual,Persons per square kilometre,Croatia,2002,76.1,,
ESTAT:DEMO_R_D3DENS(1.0),26/03/24 23:00:00,Annual,Persons per square kilometre,Croatia,2003,76.1,,
ESTAT:DEMO_R_D3DENS(1.0),26/03/24 23:00:00,Annual,Persons per square kilometre,Croatia,2004,76.1,,
ESTAT:DEMO_R_D3DENS(1.0),26/03/24 23:00:00,Annual,Persons per square kilometre,Croatia,2005,76.2,,
ESTAT:DEMO_R_D3DENS(1.0),26/03/24 23:00:00,Annual,Persons per square kilometre,Croatia,2006,76.2,,
ESTAT:DEMO_R_D3DENS(1.0),26/03/24 23:00:00,Annual,Persons per square kilometre,Croatia,2007,76.2,,
ESTAT:DEMO_R_D3DENS(1.0),26/03/24 23:00:00,Annual,Persons per square kilometre,Croatia,2008,76.2,,
ESTAT:DEMO_R_D3DENS(1.0),26/03/24 23:00:00,Annual,Persons per square kilometre,Croatia,2009,76.1,,
ESTAT:DEMO_R_D3DENS(1.0),26/03/24 23:00:00,Annual,Persons per square kilometre,Croatia,2010,75.9,,
ESTAT:DEMO_R_D3DENS(1.0),26/03/24 23:00:00,Annual,Persons per square kilometre,Croatia,2011,75.7,,
ESTAT:DEMO_R_D3DENS(1.0),26/03/24 23:00:00,Annual,Persons per square kilometre,Croatia,2012,75.4,,
ESTAT:DEMO_R_D3DENS(1.0),26/03/24 23:00:00,Annual,Persons per square kilometre,Croatia,2013,75.2,,
ESTAT:DEMO_R_D3DENS(1.0),26/03/24 23:00:00,Annual,Persons per square kilometre,Croatia,2014,74.9,,
ESTAT:DEMO_R_D3DENS(1.0),26/03/24 23:00:00,Annual,Persons per square kilometre,Croatia,2015,74.4,,
ESTAT:DEMO_R_D3DENS(1.0),26/03/24 23:00:00,Annual,Persons per square kilometre,Croatia,2016,74.6,b,
ESTAT:DEMO_R_D3DENS(1.0),26/03/24 23:00:00,Annual,Persons per square kilometre,Croatia,2017,73.9,,
ESTAT:DEMO_R_D3DENS(1.0),26/03/24 23:00:00,Annual,Persons per square kilometre,Croatia,2018,73.2,,
ESTAT:DEMO_R_D3DENS(1.0),26/03/24 23:00:00,Annual,Persons per square kilometre,Croatia,2019,72.8,,
ESTAT:DEMO_R_D3DENS(1.0),26/03/24 23:00:00,Annual,Persons per square kilometre,Croatia,2020,72.8,,
ESTAT:DEMO_R_D3DENS(1.0),26/03/24 23:00:00,Annual,Persons per square kilometre,Croatia,2021,72.4,,
ESTAT:DEMO_R_D3DENS(1.0),26/03/24 23:00:00,Annual,Persons per square kilometre,Croatia,2022,69.0,,
ESTAT:DEMO_R_D3DENS(1.0),26/03/24 23:00:00,Annual,Persons per square kilometre,Hungary,1995,110.0,,
ESTAT:DEMO_R_D3DENS(1.0),26/03/24 23:00:00,Annual,Persons per square kilometre,Hungary,1996,109.6,,
ESTAT:DEMO_R_D3DENS(1.0),26/03/24 23:00:00,Annual,Persons per square kilometre,Hungary,1997,109.2,,
ESTAT:DEMO_R_D3DENS(1.0),26/03/24 23:00:00,Annual,Persons per square kilometre,Hungary,1998,108.7,,
ESTAT:DEMO_R_D3DENS(1.0),26/03/24 23:00:00,Annual,Persons per square kilometre,Hungary,1999,108.2,,
ESTAT:DEMO_R_D3DENS(1.0),26/03/24 23:00:00,Annual,Persons per square kilometre,Hungary,2000,109.8,,
ESTAT:DEMO_R_D3DENS(1.0),26/03/24 23:00:00,Annual,Persons per square kilometre,Hungary,2001,109.5,,
ESTAT:DEMO_R_D3DENS(1.0),26/03/24 23:00:00,Annual,Persons per square kilometre,Hungary,2002,109.2,,
ESTAT:DEMO_R_D3DENS(1.0),26/03/24 23:00:00,Annual,Persons per square kilometre,Hungary,2003,108.9,,
ESTAT:DEMO_R_D3DENS(1.0),26/03/24 23:00:00,Annual,Persons per square kilometre,Hungary,2004,108.6,,
ESTAT:DEMO_R_D3DENS(1.0),26/03/24 23:00:00,Annual,Persons per square kilometre,Hungary,2005,108.4,,
ESTAT:DEMO_R_D3DENS(1.0),26/03/24 23:00:00,Annual,Persons per square kilometre,Hungary,2006,108.3,,
ESTAT:DEMO_R_D3DENS(1.0),26/03/24 23:00:00,Annual,Persons per square kilometre,Hungary,2007,108.1,,
ESTAT:DEMO_R_D3DENS(1.0),26/03/24 23:00:00,Annual,Persons per square kilometre,Hungary,2008,107.9,,
ESTAT:DEMO_R_D3DENS(1.0),26/03/24 23:00:00,Annual,Persons per square kilometre,Hungary,2009,107.7,,
ESTAT:DEMO_R_D3DENS(1.0),26/03/24 23:00:00,Annual,Persons per square kilometre,Hungary,2010,107.5,,
ESTAT:DEMO_R_D3DENS(1.0),26/03/24 23:00:00,Annual,Persons per square kilometre,Hungary,2011,107.2,,
ESTAT:DEMO_R_D3DENS(1.0),26/03/24 23:00:00,Annual,Persons per square kilometre,Hungary,2012,106.6,,
ESTAT:DEMO_R_D3DENS(1.0),26/03/24 23:00:00,Annual,Persons per square kilometre,Hungary,2013,106.4,,
ESTAT:DEMO_R_D3DENS(1.0),26/03/24 23:00:00,Annual,Persons per square kilometre,Hungary,2014,108.1,,
ESTAT:DEMO_R_D3DENS(1.0),26/03/24 23:00:00,Annual,Persons per square kilometre,Hungary,2015,107.9,,
ESTAT:DEMO_R_D3DENS(1.0),26/03/24 23:00:00,Annual,Persons per square kilometre,Hungary,2016,107.6,b,
ESTAT:DEMO_R_D3DENS(1.0),26/03/24 23:00:00,Annual,Persons per square kilometre,Hungary,2017,107.3,,
ESTAT:DEMO_R_D3DENS(1.0),26/03/24 23:00:00,Annual,Persons per square kilometre,Hungary,2018,107.1,,
ESTAT:DEMO_R_D3DENS(1.0),26/03/24 23:00:00,Annual,Persons per square kilometre,Hungary,2019,107.1,,
ESTAT:DEMO_R_D3DENS(1.0),26/03/24 23:00:00,Annual,Persons per square kilometre,Hungary,2020,107.1,,
ESTAT:DEMO_R_D3DENS(1.0),26/03/24 23:00:00,Annual,Persons per square kilometre,Hungary,2021,106.9,,
ESTAT:DEMO_R_D3DENS(1.0),26/03/24 23:00:00,Annual,Persons per square kilometre,Hungary,2022,105.7,b,
ESTAT:DEMO_R_D3DENS(1.0),26/03/24 23:00:00,Annual,Persons per square kilometre,Ireland,1995,52.7,,
ESTAT:DEMO_R_D3DENS(1.0),26/03/24 23:00:00,Annual,Persons per square kilometre,Ireland,1996,53.2,,
ESTAT:DEMO_R_D3DENS(1.0),26/03/24 23:00:00,Annual,Persons per square kilometre,Ireland,1997,53.7,,
ESTAT:DEMO_R_D3DENS(1.0),26/03/24 23:00:00,Annual,Persons per square kilometre,Ireland,1998,54.3,,
ESTAT:DEMO_R_D3DENS(1.0),26/03/24 23:00:00,Annual,Persons per square kilometre,Ireland,1999,54.9,,
ESTAT:DEMO_R_D3DENS(1.0),26/03/24 23:00:00,Annual,Persons per square kilometre,Ireland,2000,55.6,,
ESTAT:DEMO_R_D3DENS(1.0),26/03/24 23:00:00,Annual,Persons per square kilometre,Ireland,2001,56.5,,
ESTAT:DEMO_R_D3DENS(1.0),26/03/24 23:00:00,Annual,Persons per square kilometre,Ireland,2002,57.5,,
ESTAT:DEMO_R_D3DENS(1.0),26/03/24 23:00:00,Annual,Persons per square kilometre,Ireland,2003,58.4,,
ESTAT:DEMO_R_D3DENS(1.0),26/03/24 23:00:00,Annual,Persons per square kilometre,Ireland,2004,59.5,,
ESTAT:DEMO_R_D3DENS(1.0),26/03/24 23:00:00,Annual,Persons per square kilometre,Ireland,2005,60.8,,
ESTAT:DEMO_R_D3DENS(1.0),26/03/24 23:00:00,Annual,Persons per square kilometre,Ireland,2006,62.5,,
ESTAT:DEMO_R_D3DENS(1.0),26/03/24 23:00:00,Annual,Persons per square kilometre,Ireland,2007,64.3,,
ESTAT:DEMO_R_D3DENS(1.0),26/03/24 23:00:00,Annual,Persons per square kilometre,Ireland,2008,65.6,,
ESTAT:DEMO_R_D3DENS(1.0),26/03/24 23:00:00,Annual,Persons per square kilometre,Ireland,2009,66.3,,
ESTAT:DEMO_R_D3DENS(1.0),26/03/24 23:00:00,Annual,Persons per square kilometre,Ireland,2010,66.7,,
ESTAT:DEMO_R_D3DENS(1.0),26/03/24 23:00:00,Annual,Persons per square kilometre,Ireland,2011,67.0,,
ESTAT:DEMO_R_D3DENS(1.0),26/03/24 23:00:00,Annual,Persons per square kilometre,Ireland,2012,67.3,,
ESTAT:DEMO_R_D3DENS(1.0),26/03/24 23:00:00,Annual,Persons per square kilometre,Ireland,2013,67.6,,
ESTAT:DEMO_R_D3DENS(1.0),26/03/24 23:00:00,Annual,Persons per square kilometre,Ireland,2014,67.8,,
ESTAT:DEMO_R_D3DENS(1.0),26/03/24 23:00:00,Annual,Persons per square kilometre,Ireland,2015,68.5,,
ESTAT:DEMO_R_D3DENS(1.0),26/03/24 23:00:00,Annual,Persons per square kilometre,Ireland,2016,69.3,b,
ESTAT:DEMO_R_D3DENS(1.0),26/03/24 23:00:00,Annual,Persons per square kilometre,Ireland,2017,70.0,,
ESTAT:DEMO_R_D3DENS(1.0),26/03/24 23:00:00,Annual,Persons per square kilometre,Ireland,2018,70.9,,
ESTAT:DEMO_R_D3DENS(1.0),26/03/24 23:00:00,Annual,Persons per square kilometre,Ireland,2019,71.9,,
ESTAT:DEMO_R_D3DENS(1.0),26/03/24 23:00:00,Annual,Persons per square kilometre,Ireland,2020,71.9,e,
ESTAT:DEMO_R_D3DENS(1.0),26/03/24 23:00:00,Annual,Persons per square kilometre,Ireland,2021,72.6,,
ESTAT:DEMO_R_D3DENS(1.0),26/03/24 23:00:00,Annual,Persons per square kilometre,Ireland,2022,75.2,,
ESTAT:DEMO_R_D3DENS(1.0),26/03/24 23:00:00,Annual,Persons per square kilometre,Italy,1995,192.6,,
ESTAT:DEMO_R_D3DENS(1.0),26/03/24 23:00:00,Annual,Persons per square kilometre,Italy,1996,192.7,,
ESTAT:DEMO_R_D3DENS(1.0),26/03/24 23:00:00,Annual,Persons per square kilometre,Italy,1997,192.8,,
ESTAT:DEMO_R_D3DENS(1.0),26/03/24 23:00:00,Annual,Persons per square kilometre,Italy,1998,192.8,,
ESTAT:DEMO_R_D3DENS(1.0),26/03/24 23:00:00,Annual,Persons per square kilometre,Italy,1999,192.9,,
ESTAT:DEMO_R_D3DENS(1.0),26/03/24 23:00:00,Annual,Persons per square kilometre,Italy,2000,193.0,,
ESTAT:DEMO_R_D3DENS(1.0),26/03/24 23:00:00,Annual,Persons per square kilometre,Italy,2001,193.1,,
ESTAT:DEMO_R_D3DENS(1.0),26/03/24 23:00:00,Annual,Persons per square kilometre,Italy,2002,193.3,,
ESTAT:DEMO_R_D3DENS(1.0),26/03/24 23:00:00,Annual,Persons per square kilometre,Italy,2003,194.2,,
ESTAT:DEMO_R_D3DENS(1.0),26/03/24 23:00:00,Annual,Persons per square kilometre,Italy,2004,195.5,,
ESTAT:DEMO_R_D3DENS(1.0),26/03/24 23:00:00,Annual,Persons per square kilometre,Italy,2005,196.4,,
ESTAT:DEMO_R_D3DENS(1.0),26/03/24 23:00:00,Annual,Persons per square kilometre,Italy,2006,197.0,,
ESTAT:DEMO_R_D3DENS(1.0),26/03/24 23:00:00,Annual,Persons per square kilometre,Italy,2007,198.0,,
ESTAT:DEMO_R_D3DENS(1.0),26/03/24 23:00:00,Annual,Persons per square kilometre,Italy,2008,199.3,,
ESTAT:DEMO_R_D3DENS(1.0),26/03/24 23:00:00,Annual,Persons per square kilometre,Italy,2009,200.2,,
ESTAT:DEMO_R_D3DENS(1.0),26/03/24 23:00:00,Annual,Persons per square kilometre,Italy,2010,200.9,,
ESTAT:DEMO_R_D3DENS(1.0),26/03/24 23:00:00,Annual,Persons per square kilometre,Italy,2011,201.2,,
ESTAT:DEMO_R_D3DENS(1.0),26/03/24 23:00:00,Annual,Persons per square kilometre,Italy,2012,201.8,,
ESTAT:DEMO_R_D3DENS(1.0),26/03/24 23:00:00,Annual,Persons per square kilometre,Italy,2013,199.4,,
ESTAT:DEMO_R_D3DENS(1.0),26/03/24 23:00:00,Annual,Persons per square kilometre,Italy,2014,206.0,,
ESTAT:DEMO_R_D3DENS(1.0),26/03/24 23:00:00,Annual,Persons per square kilometre,Italy,2015,205.8,,
ESTAT:DEMO_R_D3DENS(1.0),26/03/24 23:00:00,Annual,Persons per square kilometre,Italy,2016,205.4,b,
ESTAT:DEMO_R_D3DENS(1.0),26/03/24 23:00:00,Annual,Persons per square kilometre,Italy,2017,203.3,,
ESTAT:DEMO_R_D3DENS(1.0),26/03/24 23:00:00,Annual,Persons per square kilometre,Italy,2018,202.9,,
ESTAT:DEMO_R_D3DENS(1.0),26/03/24 23:00:00,Annual,Persons per square kilometre,Italy,2019,201.5,,
ESTAT:DEMO_R_D3DENS(1.0),26/03/24 23:00:00,Annual,Persons per square kilometre,Italy,2020,200.6,b,
ESTAT:DEMO_R_D3DENS(1.0),26/03/24 23:00:00,Annual,Persons per square kilometre,Italy,2021,199.6,,
ESTAT:DEMO_R_D3DENS(1.0),26/03/24 23:00:00,Annual,Persons per square kilometre,Italy,2022,198.2,,
ESTAT:DEMO_R_D3DENS(1.0),26/03/24 23:00:00,Annual,Persons per square kilometre,Lithuania,1995,57.9,,
ESTAT:DEMO_R_D3DENS(1.0),26/03/24 23:00:00,Annual,Persons per square kilometre,Lithuania,1996,57.5,,
ESTAT:DEMO_R_D3DENS(1.0),26/03/24 23:00:00,Annual,Persons per square kilometre,Lithuania,1997,57.0,,
ESTAT:DEMO_R_D3DENS(1.0),26/03/24 23:00:00,Annual,Persons per square kilometre,Lithuania,1998,56.6,,
ESTAT:DEMO_R_D3DENS(1.0),26/03/24 23:00:00,Annual,Persons per square kilometre,Lithuania,1999,56.2,,
ESTAT:DEMO_R_D3DENS(1.0),26/03/24 23:00:00,Annual,Persons per square kilometre,Lithuania,2000,55.8,,
ESTAT:DEMO_R_D3DENS(1.0),26/03/24 23:00:00,Annual,Persons per square kilometre,Lithuania,2001,55.4,,
ESTAT:DEMO_R_D3DENS(1.0),26/03/24 23:00:00,Annual,Persons per square kilometre,Lithuania,2002,54.9,,
ESTAT:DEMO_R_D3DENS(1.0),26/03/24 23:00:00,Annual,Persons per square kilometre,Lithuania,2003,54.5,,
ESTAT:DEMO_R_D3DENS(1.0),26/03/24 23:00:00,Annual,Persons per square kilometre,Lithuania,2004,53.9,,
ESTAT:DEMO_R_D3DENS(1.0),26/03/24 23:00:00,Annual,Persons per square kilometre,Lithuania,2005,53.0,,
ESTAT:DEMO_R_D3DENS(1.0),26/03/24 23:00:00,Annual,Persons per square kilometre,Lithuania,2006,52.2,,
ESTAT:DEMO_R_D3DENS(1.0),26/03/24 23:00:00,Annual,Persons per square kilometre,Lithuania,2007,51.6,,
ESTAT:DEMO_R_D3DENS(1.0),26/03/24 23:00:00,Annual,Persons per square kilometre,Lithuania,2008,51.0,,
ESTAT:DEMO_R_D3DENS(1.0),26/03/24 23:00:00,Annual,Persons per square kilometre,Lithuania,2009,50.5,,
ESTAT:DEMO_R_D3DENS(1.0),26/03/24 23:00:00,Annual,Persons per square kilometre,Lithuania,2010,49.4,,
ESTAT:DEMO_R_D3DENS(1.0),26/03/24 23:00:00,Annual,Persons per square kilometre,Lithuania,2011,48.3,,
ESTAT:DEMO_R_D3DENS(1.0),26/03/24 23:00:00,Annual,Persons per square kilometre,Lithuania,2012,47.7,,
ESTAT:DEMO_R_D3DENS(1.0),26/03/24 23:00:00,Annual,Persons per square kilometre,Lithuania,2013,47.2,,
ESTAT:DEMO_R_D3DENS(1.0),26/03/24 23:00:00,Annual,Persons per square kilometre,Lithuania,2014,46.8,,
ESTAT:DEMO_R_D3DENS(1.0),26/03/24 23:00:00,Annual,Persons per square kilometre,Lithuania,2015,46.4,,
ESTAT:DEMO_R_D3DENS(1.0),26/03/24 23:00:00,Annual,Persons per square kilometre,Lithuania,2016,45.8,b,
ESTAT:DEMO_R_D3DENS(1.0),26/03/24 23:00:00,Annual,Persons per square kilometre,Lithuania,2017,45.2,,
ESTAT:DEMO_R_D3DENS(1.0),26/03/24 23:00:00,Annual,Persons per square kilometre,Lithuania,2018,44.7,,
ESTAT:DEMO_R_D3DENS(1.0),26/03/24 23:00:00,Annual,Persons per square kilometre,Lithuania,2019,44.6,,
ESTAT:DEMO_R_D3DENS(1.0),26/03/24 23:00:00,Annual,Persons per square kilometre,Lithuania,2020,44.6,,
ESTAT:DEMO_R_D3DENS(1.0),26/03/24 23:00:00,Annual,Persons per square kilometre,Lithuania,2021,44.6,,
ESTAT:DEMO_R_D3DENS(1.0),26/03/24 23:00:00,Annual,Persons per square kilometre,Lithuania,2022,45.2,,
ESTAT:DEMO_R_D3DENS(1.0),26/03/24 23:00:00,Annual,Persons per square kilometre,Luxembourg,1995,158.0,,
ESTAT:DEMO_R_D3DENS(1.0),26/03/24 23:00:00,Annual,Persons per square kilometre,Luxembourg,1996,160.2,,
ESTAT:DEMO_R_D3DENS(1.0),26/03/24 23:00:00,Annual,Persons per square kilometre,Luxembourg,1997,162.2,,
ESTAT:DEMO_R_D3DENS(1.0),26/03/24 23:00:00,Annual,Persons per square kilometre,Luxembourg,1998,164.2,,
ESTAT:DEMO_R_D3DENS(1.0),26/03/24 23:00:00,Annual,Persons per square kilometre,Luxembourg,1999,166.5,,
ESTAT:DEMO_R_D3DENS(1.0),26/03/24 23:00:00,Annual,Persons per square kilometre,Luxembourg,2000,168.7,,
ESTAT:DEMO_R_D3DENS(1.0),26/03/24 23:00:00,Annual,Persons per square kilometre,Luxembourg,2001,170.7,,
ESTAT:DEMO_R_D3DENS(1.0),26/03/24 23:00:00,Annual,Persons per square kilometre,Luxembourg,2002,172.5,,
ESTAT:DEMO_R_D3DENS(1.0),26/03/24 23:00:00,Annual,Persons per square kilometre,Luxembourg,2003,174.6,,
ESTAT:DEMO_R_D3DENS(1.0),26/03/24 23:00:00,Annual,Persons per square kilometre,Luxembourg,2004,177.1,,
ESTAT:DEMO_R_D3DENS(1.0),26/03/24 23:00:00,Annual,Persons per square kilometre,Luxembourg,2005,179.9,,
ESTAT:DEMO_R_D3DENS(1.0),26/03/24 23:00:00,Annual,Persons per square kilometre,Luxembourg,2006,182.8,,
ESTAT:DEMO_R_D3DENS(1.0),26/03/24 23:00:00,Annual,Persons per square kilometre,Luxembourg,2007,185.6,,
ESTAT:DEMO_R_D3DENS(1.0),26/03/24 23:00:00,Annual,Persons per square kilometre,Luxembourg,2008,189.0,,
ESTAT:DEMO_R_D3DENS(1.0),26/03/24 23:00:00,Annual,Persons per square kilometre,Luxembourg,2009,192.5,,
ESTAT:DEMO_R_D3DENS(1.0),26/03/24 23:00:00,Annual,Persons per square kilometre,Luxembourg,2010,196.0,,
ESTAT:DEMO_R_D3DENS(1.0),26/03/24 23:00:00,Annual,Persons per square kilometre,Luxembourg,2011,200.4,,
ESTAT:DEMO_R_D3DENS(1.0),26/03/24 23:00:00,Annual,Persons per square kilometre,Luxembourg,2012,205.3,,
ESTAT:DEMO_R_D3DENS(1.0),26/03/24 23:00:00,Annual,Persons per square kilometre,Luxembourg,2013,210.1,,
ESTAT:DEMO_R_D3DENS(1.0),26/03/24 23:00:00,Annual,Persons per square kilometre,Luxembourg,2014,215.1,,
ESTAT:DEMO_R_D3DENS(1.0),26/03/24 23:00:00,Annual,Persons per square kilometre,Luxembourg,2015,220.3,,
ESTAT:DEMO_R_D3DENS(1.0),26/03/24 23:00:00,Annual,Persons per square kilometre,Luxembourg,2016,225.1,b,
ESTAT:DEMO_R_D3DENS(1.0),26/03/24 23:00:00,Annual,Persons per square kilometre,Luxembourg,2017,230.6,,
ESTAT:DEMO_R_D3DENS(1.0),26/03/24 23:00:00,Annual,Persons per square kilometre,Luxembourg,2018,235.1,,
ESTAT:DEMO_R_D3DENS(1.0),26/03/24 23:00:00,Annual,Persons per square kilometre,Luxembourg,2019,239.8,,
ESTAT:DEMO_R_D3DENS(1.0),26/03/24 23:00:00,Annual,Persons per square kilometre,Luxembourg,2020,239.8,,
ESTAT:DEMO_R_D3DENS(1.0),26/03/24 23:00:00,Annual,Persons per square kilometre,Luxembourg,2021,243.8,,
ESTAT:DEMO_R_D3DENS(1.0),26/03/24 23:00:00,Annual,Persons per square kilometre,Luxembourg,2022,252.6,,
ESTAT:DEMO_R_D3DENS(1.0),26/03/24 23:00:00,Annual,Persons per square kilometre,Latvia,1995,39.9,,
ESTAT:DEMO_R_D3DENS(1.0),26/03/24 23:00:00,Annual,Persons per square kilometre,Latvia,1996,39.4,,
ESTAT:DEMO_R_D3DENS(1.0),26/03/24 23:00:00,Annual,Persons per square kilometre,Latvia,1997,39.1,,
ESTAT:DEMO_R_D3DENS(1.0),26/03/24 23:00:00,Annual,Persons per square kilometre,Latvia,1998,38.7,,
ESTAT:DEMO_R_D3DENS(1.0),26/03/24 23:00:00,Annual,Persons per square kilometre,Latvia,1999,38.4,,
ESTAT:DEMO_R_D3DENS(1.0),26/03/24 23:00:00,Annual,Persons per square kilometre,Latvia,2000,38.0,,
ESTAT:DEMO_R_D3DENS(1.0),26/03/24 23:00:00,Annual,Persons per square kilometre,Latvia,2001,37.5,,
ESTAT:DEMO_R_D3DENS(1.0),26/03/24 23:00:00,Annual,Persons per square kilometre,Latvia,2002,37.1,,
ESTAT:DEMO_R_D3DENS(1.0),26/03/24 23:00:00,Annual,Persons per square kilometre,Latvia,2003,36.7,,
ESTAT:DEMO_R_D3DENS(1.0),26/03/24 23:00:00,Annual,Persons per square kilometre,Latvia,2004,36.3,,
ESTAT:DEMO_R_D3DENS(1.0),26/03/24 23:00:00,Annual,Persons per square kilometre,Latvia,2005,35.9,,
ESTAT:DEMO_R_D3DENS(1.0),26/03/24 23:00:00,Annual,Persons per square kilometre,Latvia,2006,35.6,,
ESTAT:DEMO_R_D3DENS(1.0),26/03/24 23:00:00,Annual,Persons per square kilometre,Latvia,2007,35.3,,
ESTAT:DEMO_R_D3DENS(1.0),26/03/24 23:00:00,Annual,Persons per square kilometre,Latvia,2008,35.0,,
ESTAT:DEMO_R_D3DENS(1.0),26/03/24 23:00:00,Annual,Persons per square kilometre,Latvia,2009,34.4,,
ESTAT:DEMO_R_D3DENS(1.0),26/03/24 23:00:00,Annual,Persons per square kilometre,Latvia,2010,33.7,,
ESTAT:DEMO_R_D3DENS(1.0),26/03/24 23:00:00,Annual,Persons per square kilometre,Latvia,2011,33.1,,
ESTAT:DEMO_R_D3DENS(1.0),26/03/24 23:00:00,Annual,Persons per square kilometre,Latvia,2012,32.7,,
ESTAT:DEMO_R_D3DENS(1.0),26/03/24 23:00:00,Annual,Persons per square kilometre,Latvia,2013,32.4,,
ESTAT:DEMO_R_D3DENS(1.0),26/03/24 23:00:00,Annual,Persons per square kilometre,Latvia,2014,32.0,,
ESTAT:DEMO_R_D3DENS(1.0),26/03/24 23:00:00,Annual,Persons per square kilometre,Latvia,2015,31.8,,
ESTAT:DEMO_R_D3DENS(1.0),26/03/24 23:00:00,Annual,Persons per square kilometre,Latvia,2016,31.0,b,
ESTAT:DEMO_R_D3DENS(1.0),26/03/24 23:00:00,Annual,Persons per square kilometre,Latvia,2017,30.7,,
ESTAT:DEMO_R_D3DENS(1.0),26/03/24 23:00:00,Annual,Persons per square kilometre,Latvia,2018,30.4,,
ESTAT:DEMO_R_D3DENS(1.0),26/03/24 23:00:00,Annual,Persons per square kilometre,Latvia,2019,30.2,,
ESTAT:DEMO_R_D3DENS(1.0),26/03/24 23:00:00,Annual,Persons per square kilometre,Latvia,2020,30.2,,
ESTAT:DEMO_R_D3DENS(1.0),26/03/24 23:00:00,Annual,Persons per square kilometre,Latvia,2021,30.0,,
ESTAT:DEMO_R_D3DENS(1.0),26/03/24 23:00:00,Annual,Persons per square kilometre,Latvia,2022,29.7,,
ESTAT:DEMO_R_D3DENS(1.0),26/03/24 23:00:00,Annual,Persons per square kilometre,Malta,1995,1173.8,,
ESTAT:DEMO_R_D3DENS(1.0),26/03/24 23:00:00,Annual,Persons per square kilometre,Malta,1996,1180.9,,
ESTAT:DEMO_R_D3DENS(1.0),26/03/24 23:00:00,Annual,Persons per square kilometre,Malta,1997,1189.0,,
ESTAT:DEMO_R_D3DENS(1.0),26/03/24 23:00:00,Annual,Persons per square kilometre,Malta,1998,1196.2,,
ESTAT:DEMO_R_D3DENS(1.0),26/03/24 23:00:00,Annual,Persons per square kilometre,Malta,1999,1202.1,,
ESTAT:DEMO_R_D3DENS(1.0),26/03/24 23:00:00,Annual,Persons per square kilometre,Malta,2000,1208.4,,
ESTAT:DEMO_R_D3DENS(1.0),26/03/24 23:00:00,Annual,Persons per square kilometre,Malta,2001,1245.4,,
ESTAT:DEMO_R_D3DENS(1.0),26/03/24 23:00:00,Annual,Persons per square kilometre,Malta,2002,1254.7,,
ESTAT:DEMO_R_D3DENS(1.0),26/03/24 23:00:00,Annual,Persons per square kilometre,Malta,2003,1263.0,,
ESTAT:DEMO_R_D3DENS(1.0),26/03/24 23:00:00,Annual,Persons per square kilometre,Malta,2004,1271.5,,
ESTAT:DEMO_R_D3DENS(1.0),26/03/24 23:00:00,Annual,Persons per square kilometre,Malta,2005,1279.6,,
ESTAT:DEMO_R_D3DENS(1.0),26/03/24 23:00:00,Annual,Persons per square kilometre,Malta,2006,1284.3,,
ESTAT:DEMO_R_D3DENS(1.0),26/03/24 23:00:00,Annual,Persons per square kilometre,Malta,2007,1288.8,,
ESTAT:DEMO_R_D3DENS(1.0),26/03/24 23:00:00,Annual,Persons per square kilometre,Malta,2008,1295.5,,
ESTAT:DEMO_R_D3DENS(1.0),26/03/24 23:00:00,Annual,Persons per square kilometre,Malta,2009,1305.3,,
ESTAT:DEMO_R_D3DENS(1.0),26/03/24 23:00:00,Annual,Persons per square kilometre,Malta,2010,1311.7,,
ESTAT:DEMO_R_D3DENS(1.0),26/03/24 23:00:00,Annual,Persons per square kilometre,Malta,2011,1317.3,,
ESTAT:DEMO_R_D3DENS(1.0),26/03/24 23:00:00,Annual,Persons per square kilometre,Malta,2012,1329.2,,
ESTAT:DEMO_R_D3DENS(1.0),26/03/24 23:00:00,Annual,Persons per square kilometre,Malta,2013,1348.0,,
ESTAT:DEMO_R_D3DENS(1.0),26/03/24 23:00:00,Annual,Persons per square kilometre,Malta,2014,1375.2,,
ESTAT:DEMO_R_D3DENS(1.0),26/03/24 23:00:00,Annual,Persons per square kilometre,Malta,2015,1408.4,,
ESTAT:DEMO_R_D3DENS(1.0),26/03/24 23:00:00,Annual,Persons per square kilometre,Malta,2016,1450.2,b,
ESTAT:DEMO_R_D3DENS(1.0),26/03/24 23:00:00,Annual,Persons per square kilometre,Malta,2017,1495.2,,
ESTAT:DEMO_R_D3DENS(1.0),26/03/24 23:00:00,Annual,Persons per square kilometre,Malta,2018,1548.3,,
ESTAT:DEMO_R_D3DENS(1.0),26/03/24 23:00:00,Annual,Persons per square kilometre,Malta,2019,1595.1,,
ESTAT:DEMO_R_D3DENS(1.0),26/03/24 23:00:00,Annual,Persons per square kilometre,Malta,2020,1610.4,,
ESTAT:DEMO_R_D3DENS(1.0),26/03/24 23:00:00,Annual,Persons per square kilometre,Malta,2021,1646.4,,
ESTAT:DEMO_R_D3DENS(1.0),26/03/24 23:00:00,Annual,Persons per square kilometre,Malta,2022,1692.7,,
ESTAT:DEMO_R_D3DENS(1.0),26/03/24 23:00:00,Annual,Persons per square kilometre,Netherlands,1995,456.2,,
ESTAT:DEMO_R_D3DENS(1.0),26/03/24 23:00:00,Annual,Persons per square kilometre,Netherlands,1996,458.3,,
ESTAT:DEMO_R_D3DENS(1.0),26/03/24 23:00:00,Annual,Persons per square kilometre,Netherlands,1997,460.7,,
ESTAT:DEMO_R_D3DENS(1.0),26/03/24 23:00:00,Annual,Persons per square kilometre,Netherlands,1998,463.6,,
ESTAT:DEMO_R_D3DENS(1.0),26/03/24 23:00:00,Annual,Persons per square kilometre,Netherlands,1999,466.7,,
ESTAT:DEMO_R_D3DENS(1.0),26/03/24 23:00:00,Annual,Persons per square kilometre,Netherlands,2000,470.2,,
ESTAT:DEMO_R_D3DENS(1.0),26/03/24 23:00:00,Annual,Persons per square kilometre,Netherlands,2001,473.7,,
ESTAT:DEMO_R_D3DENS(1.0),26/03/24 23:00:00,Annual,Persons per square kilometre,Netherlands,2002,476.7,,
ESTAT:DEMO_R_D3DENS(1.0),26/03/24 23:00:00,Annual,Persons per square kilometre,Netherlands,2003,480.3,,
ESTAT:DEMO_R_D3DENS(1.0),26/03/24 23:00:00,Annual,Persons per square kilometre,Netherlands,2004,481.9,,
ESTAT:DEMO_R_D3DENS(1.0),26/03/24 23:00:00,Annual,Persons per square kilometre,Netherlands,2005,483.1,,
ESTAT:DEMO_R_D3DENS(1.0),26/03/24 23:00:00,Annual,Persons per square kilometre,Netherlands,2006,483.8,,
ESTAT:DEMO_R_D3DENS(1.0),26/03/24 23:00:00,Annual,Persons per square kilometre,Netherlands,2007,485.3,,
ESTAT:DEMO_R_D3DENS(1.0),26/03/24 23:00:00,Annual,Persons per square kilometre,Netherlands,2008,487.2,,
ESTAT:DEMO_R_D3DENS(1.0),26/03/24 23:00:00,Annual,Persons per square kilometre,Netherlands,2009,489.7,,
ESTAT:DEMO_R_D3DENS(1.0),26/03/24 23:00:00,Annual,Persons per square kilometre,Netherlands,2010,492.2,,
ESTAT:DEMO_R_D3DENS(1.0),26/03/24 23:00:00,Annual,Persons per square kilometre,Netherlands,2011,494.5,,
ESTAT:DEMO_R_D3DENS(1.0),26/03/24 23:00:00,Annual,Persons per square kilometre,Netherlands,2012,496.9,,
ESTAT:DEMO_R_D3DENS(1.0),26/03/24 23:00:00,Annual,Persons per square kilometre,Netherlands,2013,498.4,,
ESTAT:DEMO_R_D3DENS(1.0),26/03/24 23:00:00,Annual,Persons per square kilometre,Netherlands,2014,500.9,,
ESTAT:DEMO_R_D3DENS(1.0),26/03/24 23:00:00,Annual,Persons per square kilometre,Netherlands,2015,503.1,,
ESTAT:DEMO_R_D3DENS(1.0),26/03/24 23:00:00,Annual,Persons per square kilometre,Netherlands,2016,498.1,b,
ESTAT:DEMO_R_D3DENS(1.0),26/03/24 23:00:00,Annual,Persons per square kilometre,Netherlands,2017,501.1,,
ESTAT:DEMO_R_D3DENS(1.0),26/03/24 23:00:00,Annual,Persons per square kilometre,Netherlands,2018,504.0,,
ESTAT:DEMO_R_D3DENS(1.0),26/03/24 23:00:00,Annual,Persons per square kilometre,Netherlands,2019,507.3,,
ESTAT:DEMO_R_D3DENS(1.0),26/03/24 23:00:00,Annual,Persons per square kilometre,Netherlands,2020,507.3,,
ESTAT:DEMO_R_D3DENS(1.0),26/03/24 23:00:00,Annual,Persons per square kilometre,Netherlands,2021,510.2,,
ESTAT:DEMO_R_D3DENS(1.0),26/03/24 23:00:00,Annual,Persons per square kilometre,Netherlands,2022,517.8,,
ESTAT:DEMO_R_D3DENS(1.0),26/03/24 23:00:00,Annual,Persons per square kilometre,Poland,1995,123.4,,
ESTAT:DEMO_R_D3DENS(1.0),26/03/24 23:00:00,Annual,Persons per square kilometre,Poland,1996,123.5,,
ESTAT:DEMO_R_D3DENS(1.0),26/03/24 23:00:00,Annual,Persons per square kilometre,Poland,1997,123.6,,
ESTAT:DEMO_R_D3DENS(1.0),26/03/24 23:00:00,Annual,Persons per square kilometre,Poland,1998,123.6,,
ESTAT:DEMO_R_D3DENS(1.0),26/03/24 23:00:00,Annual,Persons per square kilometre,Poland,1999,123.0,,
ESTAT:DEMO_R_D3DENS(1.0),26/03/24 23:00:00,Annual,Persons per square kilometre,Poland,2000,122.4,,
ESTAT:DEMO_R_D3DENS(1.0),26/03/24 23:00:00,Annual,Persons per square kilometre,Poland,2001,122.3,,
ESTAT:DEMO_R_D3DENS(1.0),26/03/24 23:00:00,Annual,Persons per square kilometre,Poland,2002,122.3,,
ESTAT:DEMO_R_D3DENS(1.0),26/03/24 23:00:00,Annual,Persons per square kilometre,Poland,2003,122.2,,
ESTAT:DEMO_R_D3DENS(1.0),26/03/24 23:00:00,Annual,Persons per square kilometre,Poland,2004,122.1,,
ESTAT:DEMO_R_D3DENS(1.0),26/03/24 23:00:00,Annual,Persons per square kilometre,Poland,2005,122.1,,
ESTAT:DEMO_R_D3DENS(1.0),26/03/24 23:00:00,Annual,Persons per square kilometre,Poland,2006,122.0,,
ESTAT:DEMO_R_D3DENS(1.0),26/03/24 23:00:00,Annual,Persons per square kilometre,Poland,2007,121.9,,
ESTAT:DEMO_R_D3DENS(1.0),26/03/24 23:00:00,Annual,Persons per square kilometre,Poland,2008,121.9,,
ESTAT:DEMO_R_D3DENS(1.0),26/03/24 23:00:00,Annual,Persons per square kilometre,Poland,2009,124.6,,
ESTAT:DEMO_R_D3DENS(1.0),26/03/24 23:00:00,Annual,Persons per square kilometre,Poland,2010,124.2,,
ESTAT:DEMO_R_D3DENS(1.0),26/03/24 23:00:00,Annual,Persons per square kilometre,Poland,2011,124.3,,
ESTAT:DEMO_R_D3DENS(1.0),26/03/24 23:00:00,Annual,Persons per square kilometre,Poland,2012,124.3,,
ESTAT:DEMO_R_D3DENS(1.0),26/03/24 23:00:00,Annual,Persons per square kilometre,Poland,2013,124.2,,
ESTAT:DEMO_R_D3DENS(1.0),26/03/24 23:00:00,Annual,Persons per square kilometre,Poland,2014,123.7,,
ESTAT:DEMO_R_D3DENS(1.0),26/03/24 23:00:00,Annual,Persons per square kilometre,Poland,2015,123.6,,
ESTAT:DEMO_R_D3DENS(1.0),26/03/24 23:00:00,Annual,Persons per square kilometre,Poland,2016,123.6,b,
ESTAT:DEMO_R_D3DENS(1.0),26/03/24 23:00:00,Annual,Persons per square kilometre,Poland,2017,123.6,,
ESTAT:DEMO_R_D3DENS(1.0),26/03/24 23:00:00,Annual,Persons per square kilometre,Poland,2018,123.6,,
ESTAT:DEMO_R_D3DENS(1.0),26/03/24 23:00:00,Annual,Persons per square kilometre,Poland,2019,123.6,,
ESTAT:DEMO_R_D3DENS(1.0),26/03/24 23:00:00,Annual,Persons per square kilometre,Poland,2020,123.6,e,
ESTAT:DEMO_R_D3DENS(1.0),26/03/24 23:00:00,Annual,Persons per square kilometre,Poland,2021,123.4,ep,
ESTAT:DEMO_R_D3DENS(1.0),26/03/24 23:00:00,Annual,Persons per square kilometre,Poland,2022,121.1,b,
ESTAT:DEMO_R_D3DENS(1.0),26/03/24 23:00:00,Annual,Persons per square kilometre,Portugal,1995,109.5,,
ESTAT:DEMO_R_D3DENS(1.0),26/03/24 23:00:00,Annual,Persons per square kilometre,Portugal,1996,109.9,,
ESTAT:DEMO_R_D3DENS(1.0),26/03/24 23:00:00,Annual,Persons per square kilometre,Portugal,1997,110.0,,
ESTAT:DEMO_R_D3DENS(1.0),26/03/24 23:00:00,Annual,Persons per square kilometre,Portugal,1998,110.3,,
ESTAT:DEMO_R_D3DENS(1.0),26/03/24 23:00:00,Annual,Persons per square kilometre,Portugal,1999,110.9,,
ESTAT:DEMO_R_D3DENS(1.0),26/03/24 23:00:00,Annual,Persons per square kilometre,Portugal,2000,111.7,,
ESTAT:DEMO_R_D3DENS(1.0),26/03/24 23:00:00,Annual,Persons per square kilometre,Portugal,2001,112.7,,
ESTAT:DEMO_R_D3DENS(1.0),26/03/24 23:00:00,Annual,Persons per square kilometre,Portugal,2002,113.3,,
ESTAT:DEMO_R_D3DENS(1.0),26/03/24 23:00:00,Annual,Persons per square kilometre,Portugal,2003,113.7,,
ESTAT:DEMO_R_D3DENS(1.0),26/03/24 23:00:00,Annual,Persons per square kilometre,Portugal,2004,114.0,,
ESTAT:DEMO_R_D3DENS(1.0),26/03/24 23:00:00,Annual,Persons per square kilometre,Portugal,2005,114.0,,
ESTAT:DEMO_R_D3DENS(1.0),26/03/24 23:00:00,Annual,Persons per square kilometre,Portugal,2006,114.3,,
ESTAT:DEMO_R_D3DENS(1.0),26/03/24 23:00:00,Annual,Persons per square kilometre,Portugal,2007,114.5,,
ESTAT:DEMO_R_D3DENS(1.0),26/03/24 23:00:00,Annual,Persons per square kilometre,Portugal,2008,114.6,,
ESTAT:DEMO_R_D3DENS(1.0),26/03/24 23:00:00,Annual,Persons per square kilometre,Portugal,2009,114.6,,
ESTAT:DEMO_R_D3DENS(1.0),26/03/24 23:00:00,Annual,Persons per square kilometre,Portugal,2010,114.7,,
ESTAT:DEMO_R_D3DENS(1.0),26/03/24 23:00:00,Annual,Persons per square kilometre,Portugal,2011,114.5,,
ESTAT:DEMO_R_D3DENS(1.0),26/03/24 23:00:00,Annual,Persons per square kilometre,Portugal,2012,114.0,,
ESTAT:DEMO_R_D3DENS(1.0),26/03/24 23:00:00,Annual,Persons per square kilometre,Portugal,2013,113.4,,
ESTAT:DEMO_R_D3DENS(1.0),26/03/24 23:00:00,Annual,Persons per square kilometre,Portugal,2014,112.8,,
ESTAT:DEMO_R_D3DENS(1.0),26/03/24 23:00:00,Annual,Persons per square kilometre,Portugal,2015,112.3,,
ESTAT:DEMO_R_D3DENS(1.0),26/03/24 23:00:00,Annual,Persons per square kilometre,Portugal,2016,113.5,b,
ESTAT:DEMO_R_D3DENS(1.0),26/03/24 23:00:00,Annual,Persons per square kilometre,Portugal,2017,113.2,,
ESTAT:DEMO_R_D3DENS(1.0),26/03/24 23:00:00,Annual,Persons per square kilometre,Portugal,2018,113.0,,
ESTAT:DEMO_R_D3DENS(1.0),26/03/24 23:00:00,Annual,Persons per square kilometre,Portugal,2019,113.0,,
ESTAT:DEMO_R_D3DENS(1.0),26/03/24 23:00:00,Annual,Persons per square kilometre,Portugal,2020,113.0,,
ESTAT:DEMO_R_D3DENS(1.0),26/03/24 23:00:00,Annual,Persons per square kilometre,Portugal,2021,113.2,,
ESTAT:DEMO_R_D3DENS(1.0),26/03/24 23:00:00,Annual,Persons per square kilometre,Portugal,2022,114.4,bp,
ESTAT:DEMO_R_D3DENS(1.0),26/03/24 23:00:00,Annual,Persons per square kilometre,Romania,1995,98.6,,
ESTAT:DEMO_R_D3DENS(1.0),26/03/24 23:00:00,Annual,Persons per square kilometre,Romania,1996,98.4,,
ESTAT:DEMO_R_D3DENS(1.0),26/03/24 23:00:00,Annual,Persons per square kilometre,Romania,1997,98.1,,
ESTAT:DEMO_R_D3DENS(1.0),26/03/24 23:00:00,Annual,Persons per square kilometre,Romania,1998,97.9,,
ESTAT:DEMO_R_D3DENS(1.0),26/03/24 23:00:00,Annual,Persons per square kilometre,Romania,1999,97.7,,
ESTAT:DEMO_R_D3DENS(1.0),26/03/24 23:00:00,Annual,Persons per square kilometre,Romania,2000,97.6,,
ESTAT:DEMO_R_D3DENS(1.0),26/03/24 23:00:00,Annual,Persons per square kilometre,Romania,2001,96.2,,
ESTAT:DEMO_R_D3DENS(1.0),26/03/24 23:00:00,Annual,Persons per square kilometre,Romania,2002,94.8,,
ESTAT:DEMO_R_D3DENS(1.0),26/03/24 23:00:00,Annual,Persons per square kilometre,Romania,2003,94.5,,
ESTAT:DEMO_R_D3DENS(1.0),26/03/24 23:00:00,Annual,Persons per square kilometre,Romania,2004,94.3,,
ESTAT:DEMO_R_D3DENS(1.0),26/03/24 23:00:00,Annual,Persons per square kilometre,Romania,2005,94.1,,
ESTAT:DEMO_R_D3DENS(1.0),26/03/24 23:00:00,Annual,Persons per square kilometre,Romania,2006,93.9,,
ESTAT:DEMO_R_D3DENS(1.0),26/03/24 23:00:00,Annual,Persons per square kilometre,Romania,2007,93.7,,
ESTAT:DEMO_R_D3DENS(1.0),26/03/24 23:00:00,Annual,Persons per square kilometre,Romania,2008,93.6,,
ESTAT:DEMO_R_D3DENS(1.0),26/03/24 23:00:00,Annual,Persons per square kilometre,Romania,2009,93.4,,
ESTAT:DEMO_R_D3DENS(1.0),26/03/24 23:00:00,Annual,Persons per square kilometre,Romania,2010,93.2,,
ESTAT:DEMO_R_D3DENS(1.0),26/03/24 23:00:00,Annual,Persons per square kilometre,Romania,2011,93.0,,
ESTAT:DEMO_R_D3DENS(1.0),26/03/24 23:00:00,Annual,Persons per square kilometre,Romania,2012,87.1,,
ESTAT:DEMO_R_D3DENS(1.0),26/03/24 23:00:00,Annual,Persons per square kilometre,Romania,2013,86.9,,
ESTAT:DEMO_R_D3DENS(1.0),26/03/24 23:00:00,Annual,Persons per square kilometre,Romania,2014,86.6,,
ESTAT:DEMO_R_D3DENS(1.0),26/03/24 23:00:00,Annual,Persons per square kilometre,Romania,2015,86.1,,
ESTAT:DEMO_R_D3DENS(1.0),26/03/24 23:00:00,Annual,Persons per square kilometre,Romania,2016,85.6,,
ESTAT:DEMO_R_D3DENS(1.0),26/03/24 23:00:00,Annual,Persons per square kilometre,Romania,2017,85.2,,
ESTAT:DEMO_R_D3DENS(1.0),26/03/24 23:00:00,Annual,Persons per square kilometre,Romania,2018,83.1,,
ESTAT:DEMO_R_D3DENS(1.0),26/03/24 23:00:00,Annual,Persons per square kilometre,Romania,2019,82.7,,
ESTAT:DEMO_R_D3DENS(1.0),26/03/24 23:00:00,Annual,Persons per square kilometre,Romania,2020,82.7,e,
ESTAT:DEMO_R_D3DENS(1.0),26/03/24 23:00:00,Annual,Persons per square kilometre,Romania,2021,82.2,e,
ESTAT:DEMO_R_D3DENS(1.0),26/03/24 23:00:00,Annual,Persons per square kilometre,Romania,2022,81.3,e,
ESTAT:DEMO_R_D3DENS(1.0),26/03/24 23:00:00,Annual,Persons per square kilometre,Sweden,1995,21.5,,
ESTAT:DEMO_R_D3DENS(1.0),26/03/24 23:00:00,Annual,Persons per square kilometre,Sweden,1996,21.5,,
ESTAT:DEMO_R_D3DENS(1.0),26/03/24 23:00:00,Annual,Persons per square kilometre,Sweden,1997,21.5,,
ESTAT:DEMO_R_D3DENS(1.0),26/03/24 23:00:00,Annual,Persons per square kilometre,Sweden,1998,21.5,,
ESTAT:DEMO_R_D3DENS(1.0),26/03/24 23:00:00,Annual,Persons per square kilometre,Sweden,1999,21.6,,
ESTAT:DEMO_R_D3DENS(1.0),26/03/24 23:00:00,Annual,Persons per square kilometre,Sweden,2000,21.6,,
ESTAT:DEMO_R_D3DENS(1.0),26/03/24 23:00:00,Annual,Persons per square kilometre,Sweden,2001,21.7,,
ESTAT:DEMO_R_D3DENS(1.0),26/03/24 23:00:00,Annual,Persons per square kilometre,Sweden,2002,21.8,,
ESTAT:DEMO_R_D3DENS(1.0),26/03/24 23:00:00,Annual,Persons per square kilometre,Sweden,2003,21.8,,
ESTAT:DEMO_R_D3DENS(1.0),26/03/24 23:00:00,Annual,Persons per square kilometre,Sweden,2004,21.9,,
ESTAT:DEMO_R_D3DENS(1.0),26/03/24 23:00:00,Annual,Persons per square kilometre,Sweden,2005,22.0,,
ESTAT:DEMO_R_D3DENS(1.0),26/03/24 23:00:00,Annual,Persons per square kilometre,Sweden,2006,22.1,,
ESTAT:DEMO_R_D3DENS(1.0),26/03/24 23:00:00,Annual,Persons per square kilometre,Sweden,2007,22.3,,
ESTAT:DEMO_R_D3DENS(1.0),26/03/24 23:00:00,Annual,Persons per square kilometre,Sweden,2008,22.5,,
ESTAT:DEMO_R_D3DENS(1.0),26/03/24 23:00:00,Annual,Persons per square kilometre,Sweden,2009,22.7,,
ESTAT:DEMO_R_D3DENS(1.0),26/03/24 23:00:00,Annual,Persons per square kilometre,Sweden,2010,22.9,,
ESTAT:DEMO_R_D3DENS(1.0),26/03/24 23:00:00,Annual,Persons per square kilometre,Sweden,2011,23.0,,
ESTAT:DEMO_R_D3DENS(1.0),26/03/24 23:00:00,Annual,Persons per square kilometre,Sweden,2012,23.4,,
ESTAT:DEMO_R_D3DENS(1.0),26/03/24 23:00:00,Annual,Persons per square kilometre,Sweden,2013,23.6,,
ESTAT:DEMO_R_D3DENS(1.0),26/03/24 23:00:00,Annual,Persons per square kilometre,Sweden,2014,23.8,,
ESTAT:DEMO_R_D3DENS(1.0),26/03/24 23:00:00,Annual,Persons per square kilometre,Sweden,2015,24.1,,
ESTAT:DEMO_R_D3DENS(1.0),26/03/24 23:00:00,Annual,Persons per square kilometre,Sweden,2016,24.4,b,
ESTAT:DEMO_R_D3DENS(1.0),26/03/24 23:00:00,Annual,Persons per square kilometre,Sweden,2017,24.7,,
ESTAT:DEMO_R_D3DENS(1.0),26/03/24 23:00:00,Annual,Persons per square kilometre,Sweden,2018,25.0,,
ESTAT:DEMO_R_D3DENS(1.0),26/03/24 23:00:00,Annual,Persons per square kilometre,Sweden,2019,25.2,,
ESTAT:DEMO_R_D3DENS(1.0),26/03/24 23:00:00,Annual,Persons per square kilometre,Sweden,2020,25.2,,
ESTAT:DEMO_R_D3DENS(1.0),26/03/24 23:00:00,Annual,Persons per square kilometre,Sweden,2021,25.4,,
ESTAT:DEMO_R_D3DENS(1.0),26/03/24 23:00:00,Annual,Persons per square kilometre,Sweden,2022,25.7,,
ESTAT:DEMO_R_D3DENS(1.0),26/03/24 23:00:00,Annual,Persons per square kilometre,Slovenia,1995,98.0,,
ESTAT:DEMO_R_D3DENS(1.0),26/03/24 23:00:00,Annual,Persons per square kilometre,Slovenia,1996,98.2,,
ESTAT:DEMO_R_D3DENS(1.0),26/03/24 23:00:00,Annual,Persons per square kilometre,Slovenia,1997,98.6,,
ESTAT:DEMO_R_D3DENS(1.0),26/03/24 23:00:00,Annual,Persons per square kilometre,Slovenia,1998,98.4,,
ESTAT:DEMO_R_D3DENS(1.0),26/03/24 23:00:00,Annual,Persons per square kilometre,Slovenia,1999,98.6,,
ESTAT:DEMO_R_D3DENS(1.0),26/03/24 23:00:00,Annual,Persons per square kilometre,Slovenia,2000,98.8,,
ESTAT:DEMO_R_D3DENS(1.0),26/03/24 23:00:00,Annual,Persons per square kilometre,Slovenia,2001,98.9,,
ESTAT:DEMO_R_D3DENS(1.0),26/03/24 23:00:00,Annual,Persons per square kilometre,Slovenia,2002,99.0,,
ESTAT:DEMO_R_D3DENS(1.0),26/03/24 23:00:00,Annual,Persons per square kilometre,Slovenia,2003,99.1,,
ESTAT:DEMO_R_D3DENS(1.0),26/03/24 23:00:00,Annual,Persons per square kilometre,Slovenia,2004,99.2,,
ESTAT:DEMO_R_D3DENS(1.0),26/03/24 23:00:00,Annual,Persons per square kilometre,Slovenia,2005,99.3,,
ESTAT:DEMO_R_D3DENS(1.0),26/03/24 23:00:00,Annual,Persons per square kilometre,Slovenia,2006,99.6,,
ESTAT:DEMO_R_D3DENS(1.0),26/03/24 23:00:00,Annual,Persons per square kilometre,Slovenia,2007,99.8,,
ESTAT:DEMO_R_D3DENS(1.0),26/03/24 23:00:00,Annual,Persons per square kilometre,Slovenia,2008,100.4,,
ESTAT:DEMO_R_D3DENS(1.0),26/03/24 23:00:00,Annual,Persons per square kilometre,Slovenia,2009,101.3,,
ESTAT:DEMO_R_D3DENS(1.0),26/03/24 23:00:00,Annual,Persons per square kilometre,Slovenia,2010,101.7,,
ESTAT:DEMO_R_D3DENS(1.0),26/03/24 23:00:00,Annual,Persons per square kilometre,Slovenia,2011,101.9,,
ESTAT:DEMO_R_D3DENS(1.0),26/03/24 23:00:00,Annual,Persons per square kilometre,Slovenia,2012,102.2,,
ESTAT:DEMO_R_D3DENS(1.0),26/03/24 23:00:00,Annual,Persons per square kilometre,Slovenia,2013,102.3,,
ESTAT:DEMO_R_D3DENS(1.0),26/03/24 23:00:00,Annual,Persons per square kilometre,Slovenia,2014,102.4,,
ESTAT:DEMO_R_D3DENS(1.0),26/03/24 23:00:00,Annual,Persons per square kilometre,Slovenia,2015,102.4,,
ESTAT:DEMO_R_D3DENS(1.0),26/03/24 23:00:00,Annual,Persons per square kilometre,Slovenia,2016,102.5,b,
ESTAT:DEMO_R_D3DENS(1.0),26/03/24 23:00:00,Annual,Persons per square kilometre,Slovenia,2017,102.6,,
ESTAT:DEMO_R_D3DENS(1.0),26/03/24 23:00:00,Annual,Persons per square kilometre,Slovenia,2018,102.9,,
ESTAT:DEMO_R_D3DENS(1.0),26/03/24 23:00:00,Annual,Persons per square kilometre,Slovenia,2019,103.7,,
ESTAT:DEMO_R_D3DENS(1.0),26/03/24 23:00:00,Annual,Persons per square kilometre,Slovenia,2020,103.7,,
ESTAT:DEMO_R_D3DENS(1.0),26/03/24 23:00:00,Annual,Persons per square kilometre,Slovenia,2021,104.4,,
ESTAT:DEMO_R_D3DENS(1.0),26/03/24 23:00:00,Annual,Persons per square kilometre,Slovenia,2022,104.8,,
ESTAT:DEMO_R_D3DENS(1.0),26/03/24 23:00:00,Annual,Persons per square kilometre,Slovakia,1995,109.6,,
ESTAT:DEMO_R_D3DENS(1.0),26/03/24 23:00:00,Annual,Persons per square kilometre,Slovakia,1996,109.6,,
ESTAT:DEMO_R_D3DENS(1.0),26/03/24 23:00:00,Annual,Persons per square kilometre,Slovakia,1997,109.8,,
ESTAT:DEMO_R_D3DENS(1.0),26/03/24 23:00:00,Annual,Persons per square kilometre,Slovakia,1998,109.9,,
ESTAT:DEMO_R_D3DENS(1.0),26/03/24 23:00:00,Annual,Persons per square kilometre,Slovakia,1999,110.0,,
ESTAT:DEMO_R_D3DENS(1.0),26/03/24 23:00:00,Annual,Persons per square kilometre,Slovakia,2000,109.9,,
ESTAT:DEMO_R_D3DENS(1.0),26/03/24 23:00:00,Annual,Persons per square kilometre,Slovakia,2001,109.7,,
ESTAT:DEMO_R_D3DENS(1.0),26/03/24 23:00:00,Annual,Persons per square kilometre,Slovakia,2002,109.7,,
ESTAT:DEMO_R_D3DENS(1.0),26/03/24 23:00:00,Annual,Persons per square kilometre,Slovakia,2003,109.6,,
ESTAT:DEMO_R_D3DENS(1.0),26/03/24 23:00:00,Annual,Persons per square kilometre,Slovakia,2004,109.6,,
ESTAT:DEMO_R_D3DENS(1.0),26/03/24 23:00:00,Annual,Persons per square kilometre,Slovakia,2005,109.6,,
ESTAT:DEMO_R_D3DENS(1.0),26/03/24 23:00:00,Annual,Persons per square kilometre,Slovakia,2006,109.6,,
ESTAT:DEMO_R_D3DENS(1.0),26/03/24 23:00:00,Annual,Persons per square kilometre,Slovakia,2007,109.6,,
ESTAT:DEMO_R_D3DENS(1.0),26/03/24 23:00:00,Annual,Persons per square kilometre,Slovakia,2008,109.7,,
ESTAT:DEMO_R_D3DENS(1.0),26/03/24 23:00:00,Annual,Persons per square kilometre,Slovakia,2009,109.8,,
ESTAT:DEMO_R_D3DENS(1.0),26/03/24 23:00:00,Annual,Persons per square kilometre,Slovakia,2010,109.9,,
ESTAT:DEMO_R_D3DENS(1.0),26/03/24 23:00:00,Annual,Persons per square kilometre,Slovakia,2011,110.1,,
ESTAT:DEMO_R_D3DENS(1.0),26/03/24 23:00:00,Annual,Persons per square kilometre,Slovakia,2012,110.3,,
ESTAT:DEMO_R_D3DENS(1.0),26/03/24 23:00:00,Annual,Persons per square kilometre,Slovakia,2013,110.4,,
ESTAT:DEMO_R_D3DENS(1.0),26/03/24 23:00:00,Annual,Persons per square kilometre,Slovakia,2014,110.5,,
ESTAT:DEMO_R_D3DENS(1.0),26/03/24 23:00:00,Annual,Persons per square kilometre,Slovakia,2015,110.6,,
ESTAT:DEMO_R_D3DENS(1.0),26/03/24 23:00:00,Annual,Persons per square kilometre,Slovakia,2016,111.5,b,
ESTAT:DEMO_R_D3DENS(1.0),26/03/24 23:00:00,Annual,Persons per square kilometre,Slovakia,2017,111.7,,
ESTAT:DEMO_R_D3DENS(1.0),26/03/24 23:00:00,Annual,Persons per square kilometre,Slovakia,2018,111.8,,
ESTAT:DEMO_R_D3DENS(1.0),26/03/24 23:00:00,Annual,Persons per square kilometre,Slovakia,2019,112.0,,
ESTAT:DEMO_R_D3DENS(1.0),26/03/24 23:00:00,Annual,Persons per square kilometre,Slovakia,2020,112.0,,
ESTAT:DEMO_R_D3DENS(1.0),26/03/24 23:00:00,Annual,Persons per square kilometre,Slovakia,2021,112.1,,
ESTAT:DEMO_R_D3DENS(1.0),26/03/24 23:00:00,Annual,Persons per square kilometre,Slovakia,2022,111.5,,
